file	subsystem	assessment	source_sha256	current_sha256
Documentation/devicetree/bindings/clock/qcom,gcc-msm8660.yaml	thermal	IDENTICAL_CURRENT_FILE	1f24840d679648af4d3aecf14641b8b9751d98cf18c18cc136603340b2f70043	1f24840d679648af4d3aecf14641b8b9751d98cf18c18cc136603340b2f70043
Documentation/devicetree/bindings/cpufreq/qcom,msm8660-cpufreq.yaml	cpu	HISTORICAL_ONLY_DO_NOT_AUTO_MERGE	30594c566ab3f18f8b970485a209618b3947beef7c4dfed93d056b1d042627b8	-
Documentation/devicetree/bindings/display/msm/mdp4.yaml	display	IDENTICAL_CURRENT_FILE	c6ed24fc094d3859643b8376728dbcdd3b231d8bb702881a99f641844cb61320	c6ed24fc094d3859643b8376728dbcdd3b231d8bb702881a99f641844cb61320
Documentation/devicetree/bindings/iio/magnetometer/asahi-kasei,ak8975.yaml	sensors	IDENTICAL_CURRENT_FILE	4a1330e791136daafefe4da44cb01fe78330ff5926c6badd3d633b50363814ba	4a1330e791136daafefe4da44cb01fe78330ff5926c6badd3d633b50363814ba
Documentation/devicetree/bindings/iio/proximity/avago,apds9702.yaml	sensors	IDENTICAL_CURRENT_FILE	f7964e9da29d85f56f7873eb39c5695e8e26b7d3e329bbfe6d751ba6523ea1b7	f7964e9da29d85f56f7873eb39c5695e8e26b7d3e329bbfe6d751ba6523ea1b7
Documentation/devicetree/bindings/leds/ams,as3676-backlight.yaml	backlight	IDENTICAL_CURRENT_FILE	51325048ad52a368e6a2f57f5d5191c25086b7ef498b02722f81b235484d46a4	51325048ad52a368e6a2f57f5d5191c25086b7ef498b02722f81b235484d46a4
Documentation/devicetree/bindings/nvmem/qcom,qfprom.yaml	thermal	IDENTICAL_CURRENT_FILE	b260e53eb21adb7bec46b48099e0fbf1545464668bdc1e02d76edf1d7f1db316	b260e53eb21adb7bec46b48099e0fbf1545464668bdc1e02d76edf1d7f1db316
Documentation/devicetree/bindings/power/supply/ti,bq24160.yaml	charging	HISTORICAL_DIFFERENT_DO_NOT_AUTO_MERGE	82fd80fd5786d3c74847c46d0a459f12d930d86f1bf7280b9055118657221b62	653490a7e6f5417363159d19339990f39047cf6722df87c2db67b9e8f12aa9ae
Documentation/devicetree/bindings/thermal/qcom-tsens.yaml	thermal	IDENTICAL_CURRENT_FILE	cb000702ebc75ccafed877ad8cc90219dc994126d22c31509b5cf1dfbac0f55b	cb000702ebc75ccafed877ad8cc90219dc994126d22c31509b5cf1dfbac0f55b
arch/arm/boot/dts/qcom/Makefile	board	HISTORICAL_DIFFERENT_DO_NOT_AUTO_MERGE	e68755736d1174dabd80d82c26c86d6fd0a0385bec5ed223885ec01a074e10d3	3e2b5a8850b484488ed2e56655a28f5a7e32df3cef82e13db786abe4a2280d37
arch/arm/boot/dts/qcom/qcom-msm8260-sony-hikari-gpu-base.dtsi	board	IDENTICAL_CURRENT_FILE	9b2648780ad4b61e2486c808a9182414d3c311dc591742a50f1a2416a49e3746	9b2648780ad4b61e2486c808a9182414d3c311dc591742a50f1a2416a49e3746
arch/arm/boot/dts/qcom/qcom-msm8260-sony-hikari-gpu.dtsi	board	HISTORICAL_ONLY_DO_NOT_AUTO_MERGE	bf48db57c7e71aa5eb77bf47c07ccfe16b3df787fe85e15b30c637c9d37de153	-
arch/arm/boot/dts/qcom/qcom-msm8260-sony-hikari-hardware.dtsi	board	HISTORICAL_DIFFERENT_DO_NOT_AUTO_MERGE	5c0d76b29b9d6e15b01ce29c7728f0f973d0831d6e8fa0fe664514d5df61dc32	939c2938e12e7b3657d6f0f08d8cc3f68a733ec4dec619b15bbcb2c37f46f8d5
arch/arm/boot/dts/qcom/qcom-msm8260-sony-hikari-safe.dtsi	board	HISTORICAL_ONLY_DO_NOT_AUTO_MERGE	3e22415f57e9450f9b0b2750603570967e5222eeb9d7efb9dc84bbe25a1b3779	-
arch/arm/boot/dts/qcom/qcom-msm8260-sony-hikari-wireless.dtsi	board	IDENTICAL_CURRENT_FILE	26cbd04b2042951edb0b1253764549ac4ba5497bd6b5093c6d49e628e3c7e47a	26cbd04b2042951edb0b1253764549ac4ba5497bd6b5093c6d49e628e3c7e47a
arch/arm/boot/dts/qcom/qcom-msm8260-sony-hikari.dts	board	HISTORICAL_DIFFERENT_DO_NOT_AUTO_MERGE	d8b5e27503c24cd79828f8a066c097e609e6186af2d76b979bcc1b644ebaf7d1	c688fca81f57d6afee72925da2ce588db656039edccf426e8fdd4d3033c08641
arch/arm/boot/dts/qcom/qcom-msm8660.dtsi	board	IDENTICAL_CURRENT_FILE	694b59bb58316294dd9f44e015f0ef2b5dfc951e1ef3075dda5f7254b0dec5bf	694b59bb58316294dd9f44e015f0ef2b5dfc951e1ef3075dda5f7254b0dec5bf
drivers/clk/qcom/mmcc-msm8660.c	clocks	HISTORICAL_DIFFERENT_DO_NOT_AUTO_MERGE	e9b27c6974347fe25bb70987984008fc64c566486c7f3accc52050893d369a16	c02565ff5115aaf9b518e0cd759e0018d6d8d2858292fae13239dc30d667c60c
drivers/cpufreq/Kconfig.arm	cpu	HISTORICAL_DIFFERENT_DO_NOT_AUTO_MERGE	f75d17174c93c06df9cf6d0129316e8abbedcbe673476ad6090c93c2d1b5489e	46d656902aa2f57454c705866bbc709d667a8b5ac03985718973e7883d6a29b0
drivers/cpufreq/Makefile	cpu	HISTORICAL_DIFFERENT_DO_NOT_AUTO_MERGE	cd048ccdbadba75c4c0a8431455b0300cd77939afbff0599af86683679cc259e	a9a14d93e72c569ee182c6eeb15d6badcb34bfa0a3bf23c77b74df7af3f3aaf3
drivers/cpufreq/qcom-msm8660-cpufreq.c	cpu	HISTORICAL_DIFFERENT_DO_NOT_AUTO_MERGE	e8a3e11b42b73903415a9dfc06fdbbce52ef40201aa895d4681acaab352dee54	bd7afd44a6943da62c1e6fe6cc38f3cfec095a9db0895fbfa48933bff3b05c55
drivers/gpu/drm/msm/disp/mdp4/mdp4_dsi_encoder.c	display	IDENTICAL_CURRENT_FILE	32dcf8d68365144bb88c0d49540ff83ae7f255d32f8d9c29c408e79a55726ab8	32dcf8d68365144bb88c0d49540ff83ae7f255d32f8d9c29c408e79a55726ab8
drivers/gpu/drm/msm/disp/mdp4/mdp4_kms.c	display	HISTORICAL_DIFFERENT_DO_NOT_AUTO_MERGE	eec68b9dc9641d3dc22aebfdd9ecf12ca2f568bf1194233c8024f1cd77ea45d0	bd18a9ca98bebe1e7f192c49fcfe52a84e42c171e961122e4263be32a30a4440
drivers/gpu/drm/msm/dsi/dsi_cfg.c	display	IDENTICAL_CURRENT_FILE	0a2f5e90f1ed1e5907b6add9b01b27c5d87411ff4f91918809c03c92d0b6e356	0a2f5e90f1ed1e5907b6add9b01b27c5d87411ff4f91918809c03c92d0b6e356
drivers/gpu/drm/msm/dsi/dsi_cfg.h	display	IDENTICAL_CURRENT_FILE	d106e5a2a1d51231c05b6ae5d3cbb804e79ea744fc7fd56569a8f190f4cdb925	d106e5a2a1d51231c05b6ae5d3cbb804e79ea744fc7fd56569a8f190f4cdb925
drivers/gpu/drm/msm/dsi/dsi_host.c	display	HISTORICAL_DIFFERENT_DO_NOT_AUTO_MERGE	41253c22dd49664db8437c7b69d1f0e20e864404bef095d90e5789d304be8d1d	82ac3c2d88005d051157e71fd57c86910268af7e246d7c076e03bb2ed18b20a3
drivers/gpu/drm/msm/dsi/phy/dsi_phy_45nm.c	display	IDENTICAL_CURRENT_FILE	28ac3ef8c8a1fe9e113d19004c8fde26dc2cd52c0886c08b97945158d5ec0166	28ac3ef8c8a1fe9e113d19004c8fde26dc2cd52c0886c08b97945158d5ec0166
drivers/gpu/drm/msm/msm_fb.c	display	IDENTICAL_CURRENT_FILE	f69a0ca66c02d92230832208cd2988676e81562d9f6cec661b762ea6016431dd	f69a0ca66c02d92230832208cd2988676e81562d9f6cec661b762ea6016431dd
drivers/gpu/drm/msm/msm_fbdev.c	display	IDENTICAL_CURRENT_FILE	0fa2a51e1ccda76b42cb7b2062b1f3143f9f28b01cc702a69ba3078f4a5e484c	0fa2a51e1ccda76b42cb7b2062b1f3143f9f28b01cc702a69ba3078f4a5e484c
drivers/gpu/drm/msm/msm_gem.c	display	IDENTICAL_CURRENT_FILE	714d76644c6a5fb1f3f5081db9eeb234916d645e9f8ed1c500e0a0f1a5554b68	714d76644c6a5fb1f3f5081db9eeb234916d645e9f8ed1c500e0a0f1a5554b68
drivers/gpu/drm/msm/msm_gem.h	display	IDENTICAL_CURRENT_FILE	c630c39714ce160550aa1346abbef0d9fd2919677ba5f8d48633310dd2c30959	c630c39714ce160550aa1346abbef0d9fd2919677ba5f8d48633310dd2c30959
drivers/gpu/drm/panel/panel-renesas-r63306-tmd-mdv22.c	display	IDENTICAL_CURRENT_FILE	7d022e3281476cc9aabbcaa9760a0507f8c3f5b170abffb23be253bca5db2344	7d022e3281476cc9aabbcaa9760a0507f8c3f5b170abffb23be253bca5db2344
drivers/iio/magnetometer/ak8975.c	sensors	IDENTICAL_CURRENT_FILE	b3198581755ade28a7d2f80e137d1fa7f640b60089910b4e43bfff0e1cb6009d	b3198581755ade28a7d2f80e137d1fa7f640b60089910b4e43bfff0e1cb6009d
drivers/iio/proximity/Kconfig	sensors	IDENTICAL_CURRENT_FILE	6f7793e90edb59998dbafd5803295a5f7c799990d5ebde4303642b986bb5347b	6f7793e90edb59998dbafd5803295a5f7c799990d5ebde4303642b986bb5347b
drivers/iio/proximity/Makefile	sensors	IDENTICAL_CURRENT_FILE	fb68c1b1705df25b7c364ab6149211a63c0c7c964105bbb71da80f727d8dcdba	fb68c1b1705df25b7c364ab6149211a63c0c7c964105bbb71da80f727d8dcdba
drivers/iio/proximity/apds9702.c	sensors	IDENTICAL_CURRENT_FILE	f3714e0676f9cff99486228280e17855b343198a1dbdb2607c220a9898a142df	f3714e0676f9cff99486228280e17855b343198a1dbdb2607c220a9898a142df
drivers/mfd/qcom-pm8xxx.c	pmic	IDENTICAL_CURRENT_FILE	22302409b8f5bf1c9734000a7fc52c8a5c4f6bacd52f5d73d7453af2d068ae3b	22302409b8f5bf1c9734000a7fc52c8a5c4f6bacd52f5d73d7453af2d068ae3b
drivers/mmc/host/mmci.c	mmc	IDENTICAL_CURRENT_FILE	c90bc4590a03032c4aad272be001b585e6dd5a24feace2c2bf98647ac6b22cac	c90bc4590a03032c4aad272be001b585e6dd5a24feace2c2bf98647ac6b22cac
drivers/pinctrl/qcom/pinctrl-ssbi-mpp.c	pmic	IDENTICAL_CURRENT_FILE	5c93c723cb15288662ba23597b3c08942407a7509fae9bd882c7157c25e61cd5	5c93c723cb15288662ba23597b3c08942407a7509fae9bd882c7157c25e61cd5
drivers/power/supply/bq24160_charger.c	charging	HISTORICAL_DIFFERENT_DO_NOT_AUTO_MERGE	da0bc3a4c5af98ae5137d181fda5ebbb75442c333249917dbf8bc0c27ecb49ed	935a32c0408355b7af286f067a944206e30d1841881306162dd533361ded7190
drivers/thermal/qcom/tsens-8960.c	thermal	IDENTICAL_CURRENT_FILE	862435748b69c68b30209a7a344e6e4aa36774d9d323566f5f90a8ee7372d5ed	862435748b69c68b30209a7a344e6e4aa36774d9d323566f5f90a8ee7372d5ed
drivers/thermal/qcom/tsens.c	thermal	IDENTICAL_CURRENT_FILE	286fa784188d7e779d2ffa67138effe963eed5f5c5e1b6c45093ee243aa1442d	286fa784188d7e779d2ffa67138effe963eed5f5c5e1b6c45093ee243aa1442d
drivers/thermal/qcom/tsens.h	thermal	IDENTICAL_CURRENT_FILE	7ed166229f4ff1402adc627168803a8a817f9322be41af02ec8e51df3d24a4f1	7ed166229f4ff1402adc627168803a8a817f9322be41af02ec8e51df3d24a4f1
drivers/video/backlight/Kconfig	backlight	IDENTICAL_CURRENT_FILE	e05dd2358674e937ccaf629d34aade354ecfec21f6bfb627e9dfa949b4fa3aa7	e05dd2358674e937ccaf629d34aade354ecfec21f6bfb627e9dfa949b4fa3aa7
drivers/video/backlight/as3676-backlight.c	backlight	IDENTICAL_CURRENT_FILE	24dcd08a54eda23767f0a95fd02266b49639fa6ec8e836503d01d96daa429f1c	24dcd08a54eda23767f0a95fd02266b49639fa6ec8e836503d01d96daa429f1c
drivers/watchdog/qcom-wdt.c	watchdog	IDENTICAL_CURRENT_FILE	9c977f507cd8775811b7a8fad6c1efe41f309aff275431a4237dced25e693541	9c977f507cd8775811b7a8fad6c1efe41f309aff275431a4237dced25e693541
