old	new	tree	original_author	original_committer	original_signature_present	message_sha256
8aaa0a761455a2856302c3aeb6b1819a5d56af8c	1fbf86016cf7fbd6ec722d90f9d42a5747cc5d62	b5db9406d5f6f6a6abb628d95e11740c2c482d1d	BlackF1re <plevickij57@gmail.com> 1788256697 +0700	BlackF1re <plevickij57@gmail.com> 1788256697 +0700	True	2e62bfc6c3b29baf68469b465f5b3233247cf85d5bc94cad6e7c93135d39028d
c4128ed80872a23d4101caf0c8282196d43a1443	642cc66520297f8bed47e5dc5e2fd23e91178261	d07787f048b1223df8e17791488eb65f02d8cefc	BlackF1re <plevickij57@gmail.com> 1788256977 +0700	BlackF1re <plevickij57@gmail.com> 1788256977 +0700	True	68447704a7bb62d225264a9bceae190b2f6b6709df7215c77453ff2b6c22532a
c0cbc452072a5618a52c992d5fbfb83a27dd5c54	8a8ca5790ea7c8a3f40bd2bfd93c4d8fccba01de	e053917cb1ceb691c4f5e41d82a6876fa350274c	BlackF1re <plevickij57@gmail.com> 1788260579 +0700	BlackF1re <plevickij57@gmail.com> 1788260579 +0700	True	baacd1122168d4e298ccb85c1dfdde8b919c6e413ad63cc396dc2e93a71d6fbd
2b179222f5645424f04a5dce11803455eecab591	d27625b17a1b352e5fe7421eab5ddf6f03bedcb0	a5c1fe329ddff0c7f559e097bef34d1f8ef8ecca	BlackF1re <plevickij57@gmail.com> 1788261396 +0700	BlackF1re <plevickij57@gmail.com> 1788261396 +0700	True	e719e08669655c5042dbdd497edd1621d86e328022a6b85e81997d01b946e756
acb9ce184430b09292b2251c4ad5e3185e0666f4	a76fb14434b6cd6616def204e122ff7f3c13fbf8	6c9a1251502c7fd0afa16f83a31887e21f15f307	BlackF1re <plevickij57@gmail.com> 1788275589 +0700	BlackF1re <plevickij57@gmail.com> 1788275589 +0700	True	ee0d5d2a01b21f622265479260c56518e96909eaabdf9c3cb0b676b688e8cb45
f9ba90ee470ec20928b72c6bb64b3fdffc571b7a	11545780709f9c783c4197eb923fcb46ad38515f	3534e61bc1216bfdfc9076b59b8bd8d2f41b7429	BlackF1re <plevickij57@gmail.com> 1788276126 +0700	BlackF1re <plevickij57@gmail.com> 1788276126 +0700	True	5e6f0ee23ff6a691ee7c958c74169db7261177b8ccec6d183063b6fdd4613f1c
8c25771eedce307c7fa35d1b43a98518d91fd0ad	6c638bc6fb62ef81019b4e9f85251d1ac3a29858	2262127ae377d775551d18ab4bf203823621d2fd	BlackF1re <plevickij57@gmail.com> 1788280519 +0700	BlackF1re <plevickij57@gmail.com> 1788280519 +0700	True	e390ab6b8aa2c72ed9ca02d94a38fb03fd0ef2e0a7d973e30a66a4f024f76ea9
110965fc26ae2ea64e3e48693d05b175f2df3fce	7673a72bb228340f87f08108ff1688b3f7e0f41d	2ac9d3280e424ebafc359f5bde54c7a06f4dc0b9	BlackF1re <plevickij57@gmail.com> 1788284862 +0700	BlackF1re <plevickij57@gmail.com> 1788284862 +0700	True	7931a0e16da4c244ba71c1ccddd1ad962db6bb43a6a685d2b211347fa4101145
a8c45f71a0b640b5758e1f77575b06ae7ebfd802	d5041a1c09808c2b39f4f6d1743c11970296888e	9acd039b14d27eb65cbf601053035499f9a552db	BlackF1re <plevickij57@gmail.com> 1788284886 +0700	BlackF1re <plevickij57@gmail.com> 1788284886 +0700	True	6b890325cd98da6905839f4fb67103a1b1b819061964f70f2440574996edae80
148c8b4cc86ba544de32340c588b10e00d32ed26	9e727a31e90ec89b839c6ac7cef9bb1792b6153d	2ed2dfca952479603198ecab0a899d58aa7a13aa	BlackF1re <plevickij57@gmail.com> 1788289647 +0700	BlackF1re <plevickij57@gmail.com> 1788289647 +0700	True	1356dbfad0e45d42bd8e885cca2d8b9533685d2ce74ce71e0c530c8753151be4
93ac86ec340adb2f6c10ba6524518144c22ba677	49071e18d73607c0c4465ea00b3d5b29e335cf7f	2e83c76fdf9edba8e449fc2d6beef528578370b9	BlackF1re <plevickij57@gmail.com> 1788291903 +0700	BlackF1re <plevickij57@gmail.com> 1788291903 +0700	True	d95db41c448f18b123d2278e1f11500ba1d427486e95b36eab7cfebf93a7dd08
f392abc877388626caee9f77a0f14d1907cf0ffe	b140142eebf3b81e7c91025cb699bbc9a946dc5a	4fb2ca576b84afbf1fd71dc97289b1605ce34ab3	BlackF1re <plevickij57@gmail.com> 1788291909 +0700	BlackF1re <plevickij57@gmail.com> 1788291909 +0700	True	a8c25f2d37ff79903d0b2dbcc27b2ab18cce9bcd9e9f42fd91387c24e6dbcea9
423b34402eb17576cb4975da9988eca96d5a65dd	3e90989544c6664b85a699b70680ccb57e3918e0	374dedcc54b9d0aa3e4cc7d4c8ebf8704d5d8702	BlackF1re <plevickij57@gmail.com> 1788292051 +0700	BlackF1re <plevickij57@gmail.com> 1788292051 +0700	True	735a2c406012514298b5bb98134df86228605a0f26c135117a9918375d9ed5df
998aa76c7647ac260011739f54100f24e7bc5c3b	f98e789bfc12acd31f9e409e59869259901038a1	1b9df9e6c9ff5633f72f16c735dbfe72aa7d8c22	BlackF1re <plevickij57@gmail.com> 1788293896 +0700	BlackF1re <plevickij57@gmail.com> 1788293896 +0700	True	bbe4f8fd2fd6b0180625e0b9ffcdb5bd88b9b77e99be03cbd144a68d81c10937
462cc6030eaf764444217487a3e40ffbabc65da6	9fc2eb9c2623480e365ae93cdfbbbf2f1b673dbc	1b6f11b9b2f9c02d437d9656dd8a9212ade77aa0	BlackF1re <plevickij57@gmail.com> 1788293896 +0700	BlackF1re <plevickij57@gmail.com> 1788293896 +0700	True	56d14891c13220e068a59aab8d4cda478c65ffb8a96d95837ec75438497ccc19
3bfc7615df553cffe1aca75577562ae73ee9c770	128b60c3b324d287f114de432cd1a55a6e413df5	fa63672bf5fc622af07951355c98e32bfd535dd4	BlackF1re <plevickij57@gmail.com> 1788297156 +0700	BlackF1re <plevickij57@gmail.com> 1788297156 +0700	True	f7a3877dcbd9ee28a26a82072544b017593325d3ef60b614d768cba95ce05753
4942d3c8ffc5465fed7b7180c004aae80313b185	8614cfa2e4e4ce1257d9c4a3ee3d0e6c6d28a821	1a27efe59af400700456e3b47a3be87121ba3933	BlackF1re <plevickij57@gmail.com> 1788298314 +0700	BlackF1re <plevickij57@gmail.com> 1788298314 +0700	True	2cff8dad14b506a40338802d5cd994264a577deff6cbe35d986c2ce07c479be8
4a2d4c42ee26c44a9185e65a6e7295a10f9790af	830a2a7d77520a2268e4fd6378bb60b6221da1b2	16fa207d16d0c8e397d639caaa985613ca07d189	BlackF1re <plevickij57@gmail.com> 1788336047 +0700	BlackF1re <plevickij57@gmail.com> 1788336047 +0700	True	a18db844968c51c5ee6a30812105e8ff02b243b7ccddb494cea261a4f794d190
db04828a53d5436d9433b8ea6b640efb43127a3a	a716653177a7275c3ff151ef33fd5413a64015f9	9754592f4c238ccfa175f37874cee7535fd77e1a	BlackF1re <plevickij57@gmail.com> 1788336063 +0700	BlackF1re <plevickij57@gmail.com> 1788336063 +0700	True	cc1b4ce66cf57a1882c3c01266f102d373c02524a67c10160958aa2b09d320d6
49fd4ffba91e9dde212054f35bf7f5a9e5655986	a0efc2a8944d30ca84cbe5a6ccb010fb01f9894f	d1d69c7b6090d888c651721b0cfd6ccb0511befc	BlackF1re <plevickij57@gmail.com> 1788336096 +0700	BlackF1re <plevickij57@gmail.com> 1788336096 +0700	True	8ef39ea187df9139f2e4f193394e8d31fd3f484adc4eb318932cb379ba6d03a8
d13348d82852cefa37fca638e8e0cf5f9c426046	d43666e67ea30247da11c3d6ec5697ce6152d712	2cb90d9d37578bd44e90f81ba6dd92b164fec14d	BlackF1re <plevickij57@gmail.com> 1788337375 +0700	BlackF1re <plevickij57@gmail.com> 1788337375 +0700	True	411c5ddaa18b2e4cf6e76734ce555b0c8bb01a14db9a082b24df2514110a7c7b
076d3bd4fc6bb93f2b13e56401e81ab09829dc6c	ba517186c8b8c938f542e25613db4d242b9afd3c	116fc921c3c461385481f701c60adabad857f5d0	BlackF1re <plevickij57@gmail.com> 1788339259 +0700	BlackF1re <plevickij57@gmail.com> 1788339259 +0700	True	b03fd5467aef03ac7ddcc5313b41171494c869c17d8e7cd3e6ef1d925b6d0c59
6fbd5d2b2d98452f1d359742f4b4439b341be234	a3dfbc917ae146a48b295c89797cfee3b1183d99	1933ffb8fc08ab16f7895d95eadd2554f166f84d	BlackF1re <plevickij57@gmail.com> 1788343835 +0700	BlackF1re <plevickij57@gmail.com> 1788343835 +0700	True	ed3aafba83abaa4b0c41bb5283c86b01473e0d23191d95b1f9239cc1a51c748b
3c3942387eb994b60e44bc1d66b8af09a8094f5a	0e1b86112f16ec3b2ad044bf46a219479636db6e	f28750411dc58d12d490834ef7e37a9ff4e6fda2	BlackF1re <plevickij57@gmail.com> 1788343842 +0700	BlackF1re <plevickij57@gmail.com> 1788343842 +0700	True	49eb05fbb7ac21b0fdc784aed845a829c354f36e3e9be85b962f497dcdad512a
a6589a8310676a4b6205bc3c361dde548c1846bd	a2d542b1c98205ddc59f75e544153c58dd7d86b8	09926be5685e73c94e19f42f20540089df3a6390	BlackF1re <plevickij57@gmail.com> 1788343857 +0700	BlackF1re <plevickij57@gmail.com> 1788343857 +0700	True	28446f3232141a64da79c825bb3e0fdd72cf606c1d59e76cc748f0ce4690d1fe
f9c4afff027c4315a661bc415b8d8c036bc9d190	d2e2850f1b7418cab285ec624ffb0f1a82e76580	3f6bbb94d485d2d828b147a9e9813a4446424a02	BlackF1re <plevickij57@gmail.com> 1788344771 +0700	BlackF1re <plevickij57@gmail.com> 1788344771 +0700	True	1b8d616b55c87e9a2875c4f0ecad0f51fc3e3c18b703f9e948f7a0efa3832792
1de5f1a06232255ca10e07d5b5282fe9a6a37f0f	2462ce17a0a232c84e9555b835ef359fae315349	d0a0e9d7f41d4822e6059ba2dfbc5c1ea780ccde	BlackF1re <plevickij57@gmail.com> 1788346200 +0700	BlackF1re <plevickij57@gmail.com> 1788346200 +0700	True	e761a342dad542da2614eecf41de7a0be0902f944d435d4e09ec7d2697ef7a79
52da2530bb4a4fd4818ca291f9e616538b482dda	f9463210f0f0e45b9308389f73cdae46ab572f82	6f422ece4b4887c18a1f35786663b953b6b4a144	BlackF1re <plevickij57@gmail.com> 1788346478 +0700	BlackF1re <plevickij57@gmail.com> 1788346478 +0700	True	8a69eb0441bb48b867305b167670a968844ad734a7845041904aa7dfdff7cdd0
d3bc11592adf989a4dc9c7571e659d15abc9b3e5	6f2ec7d35519bdfe53aafc2e466d3abebdcf810e	faa60483f2f7ed4dea13e2a9c310bae249d4dc36	BlackF1re <plevickij57@gmail.com> 1788347460 +0700	BlackF1re <plevickij57@gmail.com> 1788347460 +0700	True	68bb724f88c0282e166e136d9b4714f1caa93bfd8a3e89d7536dd3060e2f3f06
aac42f3d40e9d84086a36c193631b32e73bcecb3	4a0c5193374b93e1c0184eb5f6bc2238a496ee46	806e3c455f2274737214cbdd3a3cbcd6a50b5167	BlackF1re <plevickij57@gmail.com> 1788351457 +0700	BlackF1re <plevickij57@gmail.com> 1788351457 +0700	True	754572a2fc5cfb42541b8c3016c098e5c521329c0e3846ce95e16324ac51e455
7df62362740dd6510457890f13c5d31af41e397a	92ac6ed2178b0320026d1508454e63e9c1f75ed4	de985f9dc401ea2c150918d29fd4bfd19f59875c	BlackF1re <plevickij57@gmail.com> 1788352927 +0700	BlackF1re <plevickij57@gmail.com> 1788352927 +0700	True	58a8a7d80b1f418ab0f2d456f655d5b0408f6b2095e7822668dc1ad0832836b1
58024fe8052a570ea324c970da808cd9e6ba9563	aa19aaeb5cefaa686d5e4da035bfe3bc823027bd	3e1e6d0702d1ddec453b37cd4a0288da93f1c8d9	BlackF1re <plevickij57@gmail.com> 1788353692 +0700	BlackF1re <plevickij57@gmail.com> 1788353692 +0700	True	1f01c85d469e2f599b7dcedfd6a69b178ca2bfdb60450601ed47844e5f6df4da
e7f364b881cae9ea5a85f21c615e84b33a09d2f5	e454f444365853b6e47ce7128bc77f939b7b766a	0adddfc02171e9e30789a2adb1759d115585d30a	BlackF1re <plevickij57@gmail.com> 1788354086 +0700	BlackF1re <plevickij57@gmail.com> 1788354086 +0700	True	9c4557ece410aa190821b7f1f31c13174b01bd8ed3d2fe034c98efc7e6116e82
dacb3b3ed4e833ecdcdce95434eee1415eaa0b78	bf2a38475e201c621a0d1b35744191693a0717e9	3bf7ed129dbdb73ad3adb39a4d402eaea6b118c3	BlackF1re <plevickij57@gmail.com> 1788364538 +0700	BlackF1re <plevickij57@gmail.com> 1788364538 +0700	True	4a235ce0eda42439b0e8c30a9c1319fc0f5f634fa0162fa24480684eb439e960
75d25a4d80e3add6b89ff8962d9c565ddf127e7b	125c8087b64a1739e0311c6a58300ef2ca9a8b11	8f365ca53fc98695a8aa0d3066adaeebda921ffd	BlackF1re <plevickij57@gmail.com> 1788364538 +0700	BlackF1re <plevickij57@gmail.com> 1788364538 +0700	True	071d1eb44d993236de5ea669b0c18507ae01f5a0a662ccf3f500b87965e5557f
086b640089aa1560afeb312e6d03b10d676df13e	f9ce1104523ae142531461c365e52c03d1be18fa	1a7763bd6014c330451ae0bb3efb7f850893ec2a	BlackF1re <plevickij57@gmail.com> 1788364598 +0700	BlackF1re <plevickij57@gmail.com> 1788364598 +0700	True	b432ec13c50fdd75e9a4562cf2a809616af38323ce0ea748a2e9956399f1a343
e20b68fe4f0af5d1d3e00bb127740ba414cf4e1e	4f209926e326d5cdb3a6e5e6f43007de65fd80c6	b9c79ba38640c5e506d3fd8bde4082b3513fb80b	BlackF1re <plevickij57@gmail.com> 1788369468 +0700	BlackF1re <plevickij57@gmail.com> 1788369468 +0700	True	d07b81110a0d334f4bd6eca9be3c84ad327e31c74d6aadefb9f2120b914c4be1
5a19c29de25b1a797b9f73d187747eb1bb892680	19d86e32897118613ff9790d05470997694aa515	b1129b3440b42f6fc1949ff296b0c3a75eaa4806	BlackF1re <plevickij57@gmail.com> 1788370052 +0700	BlackF1re <plevickij57@gmail.com> 1788370052 +0700	True	9a41a017cfd3d230e3f7fe4cf9177e2fe05fdeda067a57b50ea5d4c596bb5f12
4e46de32dbced26f9ea36c16bbfe5e880ad9d7d1	b4f99f28c2a1ea25725e73dd56c3a84f57255e2a	d92137c52094b1eca4d12f989ccd85737b318088	BlackF1re <plevickij57@gmail.com> 1788379664 +0700	BlackF1re <plevickij57@gmail.com> 1788379664 +0700	True	5150f6e50a9a6f5ca273924981535ef25026d55c83d325c57cb6c8ad6e9dc1a1
29fe56225f590ada50d064e249d8a4e9d6de7601	b659f925dc316a18e2c76033bab0426e84252601	7a07d305e6e50927563561865fc405c2bd510ee7	BlackF1re <plevickij57@gmail.com> 1788380723 +0700	BlackF1re <plevickij57@gmail.com> 1788380723 +0700	True	d8569533b8820dfd6a5a87c09c37d20b23f3e736380cd140877d25a7807a5b81
1088aa0ac87ae857cf665a1a27a8ba4e1586d4c0	995d1c071c10e3c4ab2a828b8880e17737a0cdfe	83fc4f9b8022c202aae527d16ecf7e0fd5e2a468	BlackF1re <plevickij57@gmail.com> 1788429383 +0700	BlackF1re <plevickij57@gmail.com> 1788429383 +0700	True	4a6574d61e491fcd833b6e867071bd2af2a619c285d4347bf7ba7e469fe289e9
99f80d9f0efada033ee3f933fa1452d907d3f99f	50c26db4cfb47363f3ad5a292b89c602bf0ffca7	ac84e0c757f48561b4fa9fc89cd230abb4f9889d	BlackF1re <plevickij57@gmail.com> 1788429383 +0700	BlackF1re <plevickij57@gmail.com> 1788429383 +0700	True	a966a20d7861ae131661d2ffe47aca00a0d67860851de4abd54faed0c0ed2f1e
27f36d53aad5b50ad468d5a2674751c5219d6184	edf1eb41f6ecf62b360c8874e22013c94d9d5616	7b6dca6ffaee0e914587d6a3f44e44696a8d41a1	BlackF1re <plevickij57@gmail.com> 1788435551 +0700	BlackF1re <plevickij57@gmail.com> 1788435551 +0700	True	9b1ec378fa9bcc0c6a3e021a73af232389d3d1a1bc7725f90f3134c8ff4539b5
be13f9ca7e39e9c0f80fb8d2bb70782145754242	57c11e31cd0cc61e6f14a44b8a25c7b6a2531e6e	5a427e4e47baf2eedbe58380579b33e97d6cf71a	BlackF1re <plevickij57@gmail.com> 1788435558 +0700	BlackF1re <plevickij57@gmail.com> 1788435558 +0700	True	47cc518cae82cc93d61a52a35973357b54832bef1a0e1b455c54b2b333ac8622
18520f55bc619a82620ecb6b992896054eded040	7c03b0a21a274e9bf704c2f113c82391f80656ad	50818469bbbbed5791785c2dd417d24b28b40786	BlackF1re <plevickij57@gmail.com> 1788435564 +0700	BlackF1re <plevickij57@gmail.com> 1788435564 +0700	True	93cf48d2c70903ad18dfda8810b617b1586a933a71c82a359380450210186c1b
eb0481efb7a7f30db8194587c23a0eb9b3eee9db	1c668f1d682f87d7728ffb21af78f7553e3156a2	1eb6998299751770f60a955e9a14f0f43d78e99e	BlackF1re <plevickij57@gmail.com> 1788451832 +0700	BlackF1re <plevickij57@gmail.com> 1788451832 +0700	True	7bf87eb602d6e251d7c2cee11b0f762062e4054732a61ec21dcb06c1ebb507ce
bd9d4d0ce8049a06327b20a2a4e387de4dd02aea	06d88dd590884e6f97c1e9272e52bd47ab23162a	22e7cf0323963ce86f3ccbebb2d1e35d864ed143	BlackF1re <plevickij57@gmail.com> 1788453259 +0700	BlackF1re <plevickij57@gmail.com> 1788453259 +0700	True	053cdd9f70a1d8391d9d86965106726ee9d62297285e442f4f0bca6437526832
ca917683523dcaea43787ce01187a0e8e8361617	4e35e7c2d414b4f65202129a286febebfc083870	9bc25f6a3ec0b40d575e0f624019b285e34bca52	BlackF1re <plevickij57@gmail.com> 1788453686 +0700	BlackF1re <plevickij57@gmail.com> 1788453686 +0700	True	93cf48d2c70903ad18dfda8810b617b1586a933a71c82a359380450210186c1b
0ff2b3f1b495d6a9e63aca11898b8797ed01e105	844896b4b86898e944b29cf8ae7c5d8c4315f038	22d2a18b8fff184badf1ed4ce5276b7891d861a7	BlackF1re <plevickij57@gmail.com> 1788455753 +0700	BlackF1re <plevickij57@gmail.com> 1788455753 +0700	True	e303a919855d24e20f46c5dbd44e58e5df0595b9f198f3e316ee64e4e4abe5be
a46274ca000e013543a8ac2ec2ae191dbd8282e9	0a5b78762df1468a4b709ac447e468cbfabcf1a0	82db0b9f72bbf47154be7bbb32f8f38ba535bae9	BlackF1re <plevickij57@gmail.com> 1788455859 +0700	BlackF1re <plevickij57@gmail.com> 1788455859 +0700	True	8c7ce9571459615fce649ea935e69e05c502b12fc1786b63b904c78373c74bf8
8de5ff96ec9a13b1bd5971e6f0d3510e171dbdb8	cbda5d63e83714a9dd010367939ca5812bceb212	74948fb19c84703208f1cad5d400a91331ac78cc	BlackF1re <plevickij57@gmail.com> 1788457256 +0700	BlackF1re <plevickij57@gmail.com> 1788457256 +0700	True	1ecd2b121518e8dec844f9f83aad1714694b319cd6e5237461f8f294b3aeb074
21414c7ec76267f064234fc345cdbc28b3ac2323	a84b5775cfcc21adcf646d98b5e3f3f0dec79104	a34eb804eb4148f187891439af7615bd46afa0a2	BlackF1re <plevickij57@gmail.com> 1788457261 +0700	BlackF1re <plevickij57@gmail.com> 1788457261 +0700	True	b8371009c9710478cf8070f15e9d43dec875c405527b902591ed65eec414d378
87fb36e6610d120321df6c5f302c135b39cb7bf7	ef1426f5edccb767a064d9abf9be2cfaedb4c689	7c3efe07e5e440e5098b296e9d5ad41c1a0e266f	BlackF1re <plevickij57@gmail.com> 1788476016 +0700	BlackF1re <plevickij57@gmail.com> 1788476016 +0700	True	81b5a1aa4892b826d57a566a12fc208d197d6eb35eb977a9ffe5a3fbe91065dd
d1efaa7ff1f456b42b870606fe2235d525a46478	901bf66f4a9901bec03430efc9b4016a18121a1d	c93b747f6569c47733b72852bd0cdd47026dd0b8	BlackF1re <plevickij57@gmail.com> 1788476021 +0700	BlackF1re <plevickij57@gmail.com> 1788476021 +0700	True	0645c7dd1e9a4431e2e2975d7ec7a9764c7cbe838adf9abc18523808b1f44239
570fe850173c20ec863f3e900a84e20c5431b10a	5373a5a89937b0def9759f7de9223938eab65211	c44467cde1b2ca9ef04e5fbc7271e0eb72cfd4a1	BlackF1re <plevickij57@gmail.com> 1788498456 +0700	BlackF1re <plevickij57@gmail.com> 1788498456 +0700	True	389fa4435ac7e51e7ce53014ee13436e93885ec1f800f874bfc90e42288f67a3
f52c8a02ae5c7e082a53f2b56c9ae109c7b12392	7a55976516795dfb4097bc366050773489295bb5	db2a3982b9b3f31eceece5c7ed38f233bb44fb4c	BlackF1re <plevickij57@gmail.com> 1788498497 +0700	BlackF1re <plevickij57@gmail.com> 1788498497 +0700	True	6f7398ba07644115e9b86bd5d81b8f70547a1475ce4f052f9016c96b59cf6c97
4016c49e2728b444e8e4f9f509d55054bf34b8fd	683fe312480e36967805052718532631ce15945c	abf9b6dabdfa4093030924424dbe46ce582818e0	BlackF1re <plevickij57@gmail.com> 1788499734 +0700	BlackF1re <plevickij57@gmail.com> 1788499734 +0700	True	8d65ed49d33534e481415dd914ba8967f946a9d73bdd4926a73b795e3c07bb33
a1b83483bbd396f4ba363de35e5348cf45a70e24	c238eba73c8848006eb3877842a1bf018dbbddc6	a5005a637f14fb6b97760acc063c546ce340faaa	BlackF1re <plevickij57@gmail.com> 1788499739 +0700	BlackF1re <plevickij57@gmail.com> 1788499739 +0700	True	5f81060b510f874e56caa3869c28e01cd7001ccaa06056d4785f16f6e280e94a
2d3f07dfc227af9b6ef475dc771410ccbc8673d1	6ce2ffc7c899a2df95019fb718c1925b57d3ebe2	8da9726423fa5949b512a7e88212d8db04101638	BlackF1re <plevickij57@gmail.com> 1788501854 +0700	BlackF1re <plevickij57@gmail.com> 1788501854 +0700	True	1ba3747a388c5bf6b6371d15380e5e717989ade20b63ab9fe0156a32779a5c68
18fcdaef941bb439fe16b75dc36104deaf7af6e6	a231513d067d8f6ccd55f02156482eac9e4f5632	80be3f5cebab708be774da0740c6f0ab1df3e14c	BlackF1re <plevickij57@gmail.com> 1788501860 +0700	BlackF1re <plevickij57@gmail.com> 1788501860 +0700	True	1110b8ce5245103b1833a8cdbfef00fb7fbafcfb35ef8a3539612787f60c4768
1cfe867d619524a581b361b23ec7278234fe5ccb	1957bd41748d8ed4ac7db410b72ffd4eb43a7d3f	1879905f82d1bebc3c1d5f10a66e9212c2f8ae7b	BlackF1re <plevickij57@gmail.com> 1788502724 +0700	BlackF1re <plevickij57@gmail.com> 1788502724 +0700	True	ed99a2f9a80eb9cb3aff11bf3f925de43237e81459aa7c3e1ec9af47b58474dc
d6e7b48b4f44966562fa8446822954321b69e9b0	ad52261784e15cf35773a33fd9fe723f20ea677a	f73638d1fa33bc06690310b964d427d7e9b2d70c	BlackF1re <plevickij57@gmail.com> 1788519182 +0700	BlackF1re <plevickij57@gmail.com> 1788519182 +0700	True	e9e06d0f143fabe61cd5d77711b89eac995c106bdcd1d315254ac246cb854be5
63d49229d0bdde423a17417a99af50b20edf40e3	ed287e31491b1fd7d4d7f99c5e82ce64c5819bb9	9b3be02306be4f771ae038e3c283c5d957b3dd21	BlackF1re <plevickij57@gmail.com> 1788519188 +0700	BlackF1re <plevickij57@gmail.com> 1788519188 +0700	True	5c73ee38d9731bff0848ad2c3bdbe33f4c7aefd63ed4d30b57f33e1a2e585d32
eab7aeeb7ba8dd57c14006afcd0917ad78b50cb4	84eedff7c65576586c37197eb1907d2fd46c32e0	0f8679542c587ef1fe1f61631c88c3a3c34938d0	BlackF1re <plevickij57@gmail.com> 1788520182 +0700	BlackF1re <plevickij57@gmail.com> 1788520182 +0700	True	0bb633e6b3ac7c4d3f5bd1385fcdafd09f9d6583abb43a2282f0dfd5d362d2aa
d6338e6d6a27a6dd01f046eaaf308a7c658940de	e7a926546acc11929a5179652c5611fccec3e7ee	cfadfc146ead5da52e6df4a8d0cf3d9ec3064840	BlackF1re <plevickij57@gmail.com> 1788520200 +0700	BlackF1re <plevickij57@gmail.com> 1788520200 +0700	True	c469ede4f8b35b546ba23e33126c56cf929b810edd9d5f0b746fcce550e9d781
eb4b45fb05c1e85955d91f219a40189688c7177f	ebeb67b00fc6e38c506dc072932b3ebae84e9c93	cd53c17f53b7f6630fefc6b9a7b3f399e76b672e	BlackF1re <plevickij57@gmail.com> 1788520554 +0700	BlackF1re <plevickij57@gmail.com> 1788520554 +0700	True	aa9387a1e81de4e7f73f7950f959d2ffc90d5dca3acf5823f84c3913cad8ca44
cd6a1aabd88afe484ce37ef201f0da956434f9aa	02d2af9f869a54ebd3d78675876de45a0a747030	9da302b99769c4c478622092bc30055ccec8758a	BlackF1re <plevickij57@gmail.com> 1788522609 +0700	BlackF1re <plevickij57@gmail.com> 1788522609 +0700	True	0ba0ef4d59523669d6d22ee83b13b7ba1f8ae60fe586e317cdb4a4ffd7f5862d
c13303608a7a601bda9e413d8c6eff6fdbf7798c	58d74dc821d7be7d1ade918c8e53be3db399080b	c11aa838f1b4c726b8a85024a08c9d7a0efe9bf9	BlackF1re <55582873+BlackF1re@users.noreply.github.com> 1788526314 +0700	BlackF1re <55582873+BlackF1re@users.noreply.github.com> 1788526314 +0700	False	aed1aea57ffca61b86e69b998443dc46ccad13bf9bb165723a61e4d9c59cb602
e9698f1b9a906e534e80317ced7768a92b59a5a8	35145c4bd30448ec3645dafcf826d106487b59c1	6b12d63380e4485cac2cfc7777e348c281389d0b	BlackF1re <55582873+BlackF1re@users.noreply.github.com> 1788526328 +0700	BlackF1re <55582873+BlackF1re@users.noreply.github.com> 1788526328 +0700	False	9ac0999b5db46c04a2d0e3b4d4469cb57e8d546c18779f5a50ecb5c7b16180b7
9c0146a2b6294af901a764b0da586932eb64e468	048b25a3670f5f6f1c4081ef8077e462db518372	8379d198682776792aab5f5346742cffd0a4a5c8	BlackF1re <55582873+BlackF1re@users.noreply.github.com> 1788526340 +0700	BlackF1re <55582873+BlackF1re@users.noreply.github.com> 1788526340 +0700	False	724b368ae851edea02417be306cbbbae6164f2d025c11598f8904bf732080e80
b57700108c58382746052ec15b3eab32f87f774b	2df747d6b6a6b27af95e53dc8d20da05cea21823	9a6098ee5d159eb1e23f2d1a55cee77e5e6d4e7a	BlackF1re <55582873+BlackF1re@users.noreply.github.com> 1788526362 +0700	BlackF1re <55582873+BlackF1re@users.noreply.github.com> 1788526362 +0700	False	8fef118af5ff0a9dc3427d4a8b9d7ddb73d53a7d174ee50709524d477d0ea4d2
af45065033524c8040ce24e7ec5d3521a1b5ccac	4ac189eeb79ec4c33c9aa7af01189d58f6a280b3	2cd067fe4f04904be1dc45eec64ddf0fe4298903	BlackF1re <55582873+BlackF1re@users.noreply.github.com> 1788526379 +0700	BlackF1re <55582873+BlackF1re@users.noreply.github.com> 1788526379 +0700	False	3664eb44eac36531b90d8a505118acb33874e20838e318aab11603dc3050a1f6
938e103d42da5d5abdaa7464e627c2b13da8d429	78736a66734f46074517fd23ad2dea1ed83504f4	b2aa8989c2013ea61516b47185f4a9e669934332	BlackF1re <55582873+BlackF1re@users.noreply.github.com> 1788526423 +0700	BlackF1re <55582873+BlackF1re@users.noreply.github.com> 1788526423 +0700	False	c4cdd810a16935dc476971844058ac99432ac8b5953335968421d17d09463a92
e4f1d37c0854fac2e39f8a0ec1c669b74502584a	d55ddf9177dfe8f0914907b740a36b5dd3122cd6	5e3fec366802686eac7917d268d947931634c9cb	BlackF1re <55582873+BlackF1re@users.noreply.github.com> 1788526467 +0700	BlackF1re <55582873+BlackF1re@users.noreply.github.com> 1788526467 +0700	False	f42203d95780fda2e1571f232cef4a0d3d68b61397a0d08fc0f7ed45eff4d48d
72a187a8e7416e59ef61045e413769904180bdae	395c4425d8d4f1bcae483de6c568fe380f8cacc8	6fe649a6c6ea44fce874508094531d604fb0b462	BlackF1re <55582873+BlackF1re@users.noreply.github.com> 1788526814 +0700	BlackF1re <55582873+BlackF1re@users.noreply.github.com> 1788526814 +0700	False	76b03f938e2384dd8deb37a08b59d3f714e7d32db9e10023925d03c35433dc70
0646c1b1329eaa80028c003e4f7bba1cfcbf1864	5b52bb0b32d50d82eb9457241ed41e45e1c20066	1a091246cd6274fe00fc2f3168e7c4f6949a4dbc	BlackF1re <plevickij57@gmail.com> 1788527221 +0700	BlackF1re <plevickij57@gmail.com> 1788527221 +0700	True	afaf3857bab1476bfa683f2aff3a42cedb5e77837c3109307ec9238bd0bcabb2
f691871202ed1d708f9b2622fe227aa9af10bd94	1b01549c8cd700531fde95c9aab9806ac036e356	74b89aaa1661301740e4189fe52020645509fb3c	BlackF1re <55582873+BlackF1re@users.noreply.github.com> 1788527487 +0700	BlackF1re <55582873+BlackF1re@users.noreply.github.com> 1788527487 +0700	False	9981c92fa661b699480d261f4bcb8b32f0f82ccb82584724c37453a0eb7675a9
3d6ea5320098de555668ceec958cb38e14c98fe8	1f3c7aabe2c1e588d0282971a5fbe4ca91a6321a	902912d33a831a098d62c97758547ea50cfadbee	BlackF1re <55582873+BlackF1re@users.noreply.github.com> 1788527534 +0700	BlackF1re <55582873+BlackF1re@users.noreply.github.com> 1788527534 +0700	False	d4d8b3cd1ec8333df14efeb8b39e78b7348c09cf71ef312236ed3ef1ee0e600d
0da467a9d3b3ef9ac6debea4ca823d825c76641f	54076a5f505468153bea4994796e92ba59562e8c	2d45f8339bbbc9d8f1adf95142c74120422420bb	BlackF1re <55582873+BlackF1re@users.noreply.github.com> 1788527682 +0700	BlackF1re <55582873+BlackF1re@users.noreply.github.com> 1788527682 +0700	False	615b782f3f2595ab889dbd055aa261a82ea4d852f1867af654bd6797f8f801a7
a4abb900dd1662d2ab971b6ebed7540e833c0e04	fd04f0b52c8c68a0ee4fe805976484e57934e7d5	26ed520851d84f77fe764a79515da465d0d2900d	BlackF1re <55582873+BlackF1re@users.noreply.github.com> 1788527952 +0700	BlackF1re <55582873+BlackF1re@users.noreply.github.com> 1788527952 +0700	False	e93c21367ad6dd0cfbc8405ad98fd4a6ec7fb1d39fd6e19534598621436b9752
373b13df6999923e5e935535944c306a365820be	c4b215970626a3c10592af9195310e787b4bebdb	976c0306f2501a7734456baa43953d1e6e95fb00	BlackF1re <55582873+BlackF1re@users.noreply.github.com> 1788528190 +0700	BlackF1re <55582873+BlackF1re@users.noreply.github.com> 1788528190 +0700	False	afaa2b30553d6b03488da62ab1661922a2026d0c4523be60b09dcb52394fadea
6c42426602bea157bb507c030f796ffdd1123d11	842e66ad86e18768e6e4423651967fb2b700bf05	fbd3a3bb25db957f2060aaeedb3a7f1361952a4c	BlackF1re <55582873+BlackF1re@users.noreply.github.com> 1788529746 +0700	BlackF1re <55582873+BlackF1re@users.noreply.github.com> 1788529746 +0700	False	d42426a70b799743dac052ae13113baf55daf5bc4f36be6b37020345f5f41c4f
a93bfc2a85a2bdbe83e8af9d81b8f343a3c6aff7	4733042e907391193d79543d185553f278658a46	c347b10f3eb23f1df9157bddc5a306cc3e001e31	BlackF1re <55582873+BlackF1re@users.noreply.github.com> 1788530445 +0700	BlackF1re <55582873+BlackF1re@users.noreply.github.com> 1788530445 +0700	False	4354b4e1562c696049252255b744f4c2f93a4a923ac553de21002fff9c875c50
65db0d82175169ce12480ae3bc6d4ffe75650064	3ae2a2907674e726fa8e774cf3c5e847b83c4615	f46cfb938aca89ff5d8f5769e9d2923ef78f19ff	BlackF1re <55582873+BlackF1re@users.noreply.github.com> 1788530714 +0700	BlackF1re <55582873+BlackF1re@users.noreply.github.com> 1788530714 +0700	False	7907b36ec272c268e8898766743dd156083cd4408e5fb8205fcdb156aadcf70a
dc5905b8cf22147c6f086c18e71ea066b854e44e	d7894c8f3ab5843509d17bd219a3cdd2b9778974	eac03d4576a5c7438ea8b288f42ad2f8d865f314	BlackF1re <55582873+BlackF1re@users.noreply.github.com> 1788533191 +0700	BlackF1re <55582873+BlackF1re@users.noreply.github.com> 1788533191 +0700	False	95666ed409edae1eb5047b4352d955c6358159954e605d36e0945870479dbe59
b71cc2e5fced6e71bfa7e56e38a8a0951929470b	b19806a2d0ab8bd03d06cf7d066196018bc367a9	13670f95c8000f0d1ccbb7f3fd43c3c5fd596827	BlackF1re <55582873+BlackF1re@users.noreply.github.com> 1788534144 +0700	BlackF1re <55582873+BlackF1re@users.noreply.github.com> 1788534144 +0700	False	9781410950895c94eba53c87e4f24128a9459612be326d0c11b9fb2557bc9450
ea8c46e06cdef0954a84345f8276ada9b8e8e056	80ea644e5131a4179570b8aed6aad7c3cda5bc34	dd3c92fe4d8088f18b9e1048ae20fc838f5fb0f8	BlackF1re <55582873+BlackF1re@users.noreply.github.com> 1788534491 +0700	BlackF1re <55582873+BlackF1re@users.noreply.github.com> 1788534491 +0700	False	909d6cf25bbd9e9a8f853924c2bb47b47cd248e52ddc2b903f9388b88ad88c88
fcf835f9cc8de47eec9150e99199ec4c51788281	bc092cc35332efefdd81b131ff3e190d60fa9f4d	ed7ad27086c043291331d6179004a827bb146d50	BlackF1re <55582873+BlackF1re@users.noreply.github.com> 1788534892 +0700	BlackF1re <55582873+BlackF1re@users.noreply.github.com> 1788534892 +0700	False	26487de2e8420c601decd105b2cd27770026dd809c77c4f74912721433f1e903
f601a064b12c2f9bcebab7d15527e3498766ae9e	dca0aefc982fac22e1bde61518ac511c6b97c24f	93cdad8ee653e9792f255b1b168bc246841ef382	BlackF1re <55582873+BlackF1re@users.noreply.github.com> 1788536007 +0700	BlackF1re <55582873+BlackF1re@users.noreply.github.com> 1788536007 +0700	False	7d20fce0632134f489e945b19f179c3cc445aab0ba646163f094902a33a0270a
70989f4f566db9e89a4e28f87cedc6609c847a73	42bb606aafc8a23d776581ae6ff09934fde68a37	2d08ea8a111e6604d39b2a0f360b7ce5d413e6a9	BlackF1re <55582873+BlackF1re@users.noreply.github.com> 1788536253 +0700	BlackF1re <55582873+BlackF1re@users.noreply.github.com> 1788536253 +0700	False	6f036fdf1f76c2fa96c4dfe36d88233e3d85f2b3e5110b3c62d5c181b9b7f4c6
d3ede26e9eba14cef324b1313ba6e505743070ad	482c987b706bf2c5d4ab1eaca0d5e5a5207b141c	56058c8f30bd0f86c666d1a12811d4dead6426ce	BlackF1re <55582873+BlackF1re@users.noreply.github.com> 1788538662 +0700	BlackF1re <55582873+BlackF1re@users.noreply.github.com> 1788538662 +0700	False	56d6914c906d7654be2b53ccf91906439d731b33d7e3be713798a4295867b8eb
1a1dde4487ea62f3b17cbab4cd0d686491aa0a06	79fc7f6d40ee8336df04c6ebe3b5e1adda415c2a	b32bc4639710c153cead747a52e8031ccacae393	BlackF1re <55582873+BlackF1re@users.noreply.github.com> 1788538892 +0700	BlackF1re <55582873+BlackF1re@users.noreply.github.com> 1788538892 +0700	False	9f7967d93d9ea60f0cfb6394aa45b9e30009505603af5101de9720d39a104c3e
33981d15026b6fa525c8e9ee20dd54bd5ae346f6	da978388acb943fa1b7038031d157a185cf58d25	3e8ab614bde3dfdf314421b43ed4379e6e13bd7e	BlackF1re <55582873+BlackF1re@users.noreply.github.com> 1788540796 +0700	BlackF1re <55582873+BlackF1re@users.noreply.github.com> 1788540796 +0700	False	a39118e190f28abb3dba23101e715443577e9f420afbf39701646abddca34add
3f502ba8a4c6b6f8e6a230029ba69ab1c4c259a4	cfa75d497ce625195b727958fb9347778daeba1e	72ac3f21af418bf1f6bad1ee91a84ed7ae76d07d	BlackF1re <55582873+BlackF1re@users.noreply.github.com> 1788543933 +0700	BlackF1re <55582873+BlackF1re@users.noreply.github.com> 1788543933 +0700	False	43555304e4c3cccc96605e260a2b654773a02508d99a27550a988defd451b621
0b766a546ae061ecbabb931feee79646691ef041	517dfb41db2b11bbc2e519d64b70c75c60de6cba	ffdfff6b5cf7365c4684a3ab84c184f65763b022	BlackF1re <55582873+BlackF1re@users.noreply.github.com> 1788547523 +0700	BlackF1re <55582873+BlackF1re@users.noreply.github.com> 1788547523 +0700	False	96f4129b61ee0bf74f795e88bfe719799d1dd656658016bd43b82d433966df8d
fe449f5e148731edf1760941b1b3aec3942cd536	f8ca002657cd0b8460ca0e8304d92fd1b0377a7d	c613fdb3206fca6861f69ad10e061dc7dfcb9951	BlackF1re <55582873+BlackF1re@users.noreply.github.com> 1788547563 +0700	BlackF1re <55582873+BlackF1re@users.noreply.github.com> 1788547563 +0700	False	7468654d880e1a1e4ed3576e2d583b4431fb2d01aba904c27f0bf04a4d4e3be4
82145fd2506061fed181369258d0578cd22bb5d3	37b38f722bbceb1029b14dba73e71689e364cde7	83aab71c3746b6138433fab2baca327d15b891d2	BlackF1re <55582873+BlackF1re@users.noreply.github.com> 1788548388 +0700	BlackF1re <55582873+BlackF1re@users.noreply.github.com> 1788548388 +0700	False	bc32282c026d8f0cac5a402d6ead05728d128bb0abdbae43a864f62aeba4eb65
83f1fcce8c99fc903c0856008dff0b063309a9fb	6129a3a49c35529b3f0259debdca91ca9cde9e3b	9440656c4f5f84a2b17944e459b0b5cf73ce0459	BlackF1re <55582873+BlackF1re@users.noreply.github.com> 1788548426 +0700	BlackF1re <55582873+BlackF1re@users.noreply.github.com> 1788548426 +0700	False	5161555b83aa3a25420db25905b85fbf46f67d7fab98ec6fd560658ca6710c32
7d36364ec7d5c8987ead93181390becb52050841	51287dd7bd30332674a8dbaa1c9ca67ae0656d37	e8ead5233fa5ce201441621fa6bd3b05d2e0a3b9	BlackF1re <plevickij57@gmail.com> 1788550469 +0700	BlackF1re <plevickij57@gmail.com> 1788550469 +0700	True	b7282af441d32c5a98e853a4fb8f75c1c1f4e30d91dd24cef9bd8999c3a94768
2824fdabd80308a0266c74382f88a761354ad4cf	b7726ea54ee0a90dd585c105057cd51d2d6139e8	f3f9c0df2c5c0db04dba17a6ca1b24b98155471c	BlackF1re <55582873+BlackF1re@users.noreply.github.com> 1788549576 +0700	BlackF1re <55582873+BlackF1re@users.noreply.github.com> 1788549576 +0700	False	2eefdff7bbe4081269d38e857599b6e19f76153b06d482265bede2b33ce69bff
83c6c5a6cec313c975cb85d8d9c1255d546027af	e94cfe8431c2d1c9d77cf7fe6ffddcb132fd851d	966c4a35b5bafb004e4a1c1e4a972904e888a7e8	BlackF1re <55582873+BlackF1re@users.noreply.github.com> 1788549698 +0700	BlackF1re <55582873+BlackF1re@users.noreply.github.com> 1788549698 +0700	False	27423130354497ba99f48dc53a6013d42c76b34a7bf07ec805ebb88172f533fd
950e98152f8cc026174fefcdc6a7d3bc1fb6e918	9ee3976f2a835cc92cc532bcf524db8f909e7c2e	bc8ac8def79ef602b717e372cb394349f997d868	BlackF1re <55582873+BlackF1re@users.noreply.github.com> 1788549818 +0700	BlackF1re <55582873+BlackF1re@users.noreply.github.com> 1788549818 +0700	False	b2808e45b714bb9f69a8e19b49f2f0eabd2124ab2ab8b8a6c7505fe8cb983567
e1c79b02982ed919be814a776d37cb7e94b42d2a	46721b1b53827afde423f13ec33b744414077194	795653b416bdd57020030cd0f348a4a65f6f1c7c	BlackF1re <55582873+BlackF1re@users.noreply.github.com> 1788549981 +0700	BlackF1re <55582873+BlackF1re@users.noreply.github.com> 1788549981 +0700	False	92df8bf4aa37b03c1bd1920b4ddbc7bac4058e361e545e4ef2774fefad09c1cf
a6406a794d2b0ed886e3f8b21f9171f1545982cf	0bf654a226053ea887ef219ee0251a2a08b50e28	fa92d82a5c10beee75f314440461dc6102316dba	BlackF1re <55582873+BlackF1re@users.noreply.github.com> 1788550099 +0700	BlackF1re <55582873+BlackF1re@users.noreply.github.com> 1788550099 +0700	False	92160e3b0bd89101ac41bfd0ee003c9e13ca84bf3805ef91a817fcb197432d50
13f5be0af2917f253227911f539995d79d7cb632	7664dc2021001d5c7cd0a58da82cbdd992be343c	fb09726dae0e41a0017cc59bd9fcb3fe1f759d8f	BlackF1re <55582873+BlackF1re@users.noreply.github.com> 1788550167 +0700	BlackF1re <55582873+BlackF1re@users.noreply.github.com> 1788550167 +0700	False	01604516f8b3f98f91e2e8ad528ba9470ba8e8c7525924181e0f78869c34f2ec
0fa8d9c7f0ffacf80ee73e3ce698271e4c5e2be2	a633b6d022f284535145f0095ba55b8b3c9b67d0	88fe2ce8dbc7232965d07eeac90c13d80773b97d	BlackF1re <plevickij57@gmail.com> 1788551072 +0700	BlackF1re <plevickij57@gmail.com> 1788551072 +0700	True	9b16889d68cf987d7cf75c5e9baa53472168000ec538330f26049b06c2917dab
5f33ba24e35a86d6b6069bcc86d4732483940289	b539df1be9f0e667cdba30f74914f41e4e652677	85ae7ecdd0e58bb6249c848bc33f4f19f90c6fff	BlackF1re <plevickij57@gmail.com> 1788551481 +0700	BlackF1re <plevickij57@gmail.com> 1788551481 +0700	True	6633a601279e81bd72539465a91f02adecd22f854c5430eb1fd01eb4f0aa9d8d
4e2197dbdce071e38e472a5ddf4b9610f336aa7a	ca09518c9d0e3c9db2875537060126cfb1fce861	09c8fdfd830c1aa3ed4c7ade1c673cdb3edffa1c	BlackF1re <55582873+BlackF1re@users.noreply.github.com> 1788553249 +0700	BlackF1re <55582873+BlackF1re@users.noreply.github.com> 1788553249 +0700	False	f45fceccb11dc61e14653b9b4a189a00b7f404ec77fc15a448d5b073411ed49e
fab81eaeb106186694d63620a9eb1b3acd77036a	020c0389b066faae16af13d1e1017069b6ad9c0c	e95bbb09f64bec684cee4170907af655340c68f7	BlackF1re <55582873+BlackF1re@users.noreply.github.com> 1788553261 +0700	BlackF1re <55582873+BlackF1re@users.noreply.github.com> 1788553261 +0700	False	382e9cfd7d4362c124e666c103ec4f24ee78db0a9b2d2fe469b138dd8a4edeb1
18f05c6e68fcd620eff3c3dca359500ed9581cd9	5a2039417cdb06ab9a1632e2882ebc1c274ed22e	3e8c2e68ea45d68e06b8faad82fc2ab1231986de	BlackF1re <55582873+BlackF1re@users.noreply.github.com> 1788553280 +0700	BlackF1re <55582873+BlackF1re@users.noreply.github.com> 1788553280 +0700	False	70b6c9a853695f37966d33a51ec3f233be423ad4f53fcb2d7278657867d58f59
463395082ec0bd334d5c025e7a5f0b5d6f458051	7275cc87586c913b560bda72c2ebafa736b61b00	b2dd1dd0815f3819657e7616cdf7f4a5808a9243	BlackF1re <55582873+BlackF1re@users.noreply.github.com> 1788553342 +0700	BlackF1re <55582873+BlackF1re@users.noreply.github.com> 1788553342 +0700	False	38d8b525bf3d71a63c5372f7144036330295dcdb5b9ce0c997964c1f5a2f3e90
c1448f3231c809e660e46bcc4c0eb9c0c02a5ac1	1801a0ab067842ae209b7d9a54c0b6f269f4745a	a89fe9d6b30580fe82c176493f6a348217b532be	BlackF1re <55582873+BlackF1re@users.noreply.github.com> 1788553356 +0700	BlackF1re <55582873+BlackF1re@users.noreply.github.com> 1788553356 +0700	False	d0b6ed6f298c515a53bd79364d73ac41282c2c96ca2a1f634a73aaea19845206
a3cf82f48aef55c1defcfc6c0cf9f0ba64a30ac2	13f9c86838bfc8ea5500c8d4f6684417982562f0	973471f8e4296d20cb735d4e5effba67df306bd8	BlackF1re <55582873+BlackF1re@users.noreply.github.com> 1788553390 +0700	BlackF1re <55582873+BlackF1re@users.noreply.github.com> 1788553390 +0700	False	b18c0669ad4e677c45bdc3d0b832c43ff223baf9cd3235170150134fbee4d101
8d7427ad0584fd1e1b05570093be8f590f544ff1	86f957e2087f410b2aec8c6fd153016efdb9a3f5	bf591ddd44cf2d581dc50c7425968b6db4a4ebad	BlackF1re <55582873+BlackF1re@users.noreply.github.com> 1788553422 +0700	BlackF1re <55582873+BlackF1re@users.noreply.github.com> 1788553422 +0700	False	60fe73a789f55fa431142b1c3d2be387775ab535fb56afb6251d4dd3db0d26fb
9e1b5d2df2a8121eb76d7677c45a526af1384926	dc7d875613ce1bc21eb893b7bf85285512d84d58	bd2b02b9061baaf2b323c53f8e361c140c30e4d7	BlackF1re <55582873+BlackF1re@users.noreply.github.com> 1788553578 +0700	BlackF1re <55582873+BlackF1re@users.noreply.github.com> 1788553578 +0700	False	9c05fa581f04f3eaba186b52ce5fa92cac7ee801fd5c5e120de0abcc546e57b5
5708c0e81b83440e0837a26d09c42cca64c0d345	e7b24aa817315ab30655b07f991d3dd066726a6e	414e221072863525c73953bfe67094126baafb6d	BlackF1re <55582873+BlackF1re@users.noreply.github.com> 1788553604 +0700	BlackF1re <55582873+BlackF1re@users.noreply.github.com> 1788553604 +0700	False	ee73fdf2d2b5947a4520ed3870b3746b1b30fd56b0fc648a65d174accce7ae1b
47e100b26c1b8018ef5b9c3e44eaca03c5d253ef	e8b517cf4c72cc3c59833e891926528947c4c4ea	f713f18c6c2dfd2dc82c3150af911507c6d675f5	BlackF1re <55582873+BlackF1re@users.noreply.github.com> 1788553646 +0700	BlackF1re <55582873+BlackF1re@users.noreply.github.com> 1788553646 +0700	False	0fee9b45c24cdb7be034e24118dbd37b8ddb33eae2fa713367617bb4dce74b7a
0e98009d22160fe7f6e143b042f6e34bda4246c1	8c2cb6e4272608d5327b74900a626c1a452e20e7	684a9d0c6e5176292b4207e4437e2971f4b826f4	BlackF1re <55582873+BlackF1re@users.noreply.github.com> 1788553990 +0700	BlackF1re <55582873+BlackF1re@users.noreply.github.com> 1788553990 +0700	False	0cd2f2d30f13b90d56daddd7b28c64efdd99c6e3a6331de6a2d19cfea14f5b8e
2d6186b57711de26ca41f4478870c92d65dabda1	c518e947bb61a975b4e64ee09fc94daba8d2d96d	ad592d368325c9c3755fd3152c823c464b722b12	BlackF1re <55582873+BlackF1re@users.noreply.github.com> 1788554080 +0700	BlackF1re <55582873+BlackF1re@users.noreply.github.com> 1788554080 +0700	False	bcc181012462af34d906cbc79785d801f9214068e96b7b2f5ddfe3166e424775
c73a2f41080c3233ff25f7ca1146d62585a77bb1	03c427d52ef6ebc4eedcf79a7f048907ff8bfaee	7a74d674f548ac26077460d2b7a942978737af67	BlackF1re <55582873+BlackF1re@users.noreply.github.com> 1788554107 +0700	BlackF1re <55582873+BlackF1re@users.noreply.github.com> 1788554107 +0700	False	3ba56f8215e1a08786e25fea4a0a25bbfb4b205f99e027ecf2d8a02261afee2a
c5a93129333fbb62bc189d3548c7be473ab5626c	1ca4e1f87b81b2f183ad05bcf8967cbfefb20812	89dd77b6689e7f89665f1e3ade22e45f35b17ded	BlackF1re <55582873+BlackF1re@users.noreply.github.com> 1788554202 +0700	BlackF1re <55582873+BlackF1re@users.noreply.github.com> 1788554202 +0700	False	f8dac5c7191afc51b3b2fb1ef25c507a6c17db76bdbd35ee1c5e04ced6cb4e54
5e3568494febb1ac60c146136eb955bd2d76cb8a	28071858c809eead65b8b8b025b6cc4fc02ba576	42a5f30bc06be27a912428a58e84415ea7d32a1d	BlackF1re <55582873+BlackF1re@users.noreply.github.com> 1788554257 +0700	BlackF1re <55582873+BlackF1re@users.noreply.github.com> 1788554257 +0700	False	4582a82f64cfb87de7de4d8e5f558df6fcd11f1e1bd04fc2c58e29febed601b3
3d527f8c27bc8ad3007d52be46cb1c805d4ab937	1b337fa33426de9082efb919883edc0bcb96592e	707b703c14dd922de3f2c935c343dba7b02c03f3	BlackF1re <55582873+BlackF1re@users.noreply.github.com> 1788554285 +0700	BlackF1re <55582873+BlackF1re@users.noreply.github.com> 1788554285 +0700	False	8a25c743d51828673e04e8ebf2ab9fc8ba468dcf7e1bc3bda1e2211e0e569ec1
4266244135e3dbae20d0d4d60e09122915a01cf1	0e318daf7a674730db6858ea9004cc5c79a7cb46	06ec92d076fc21aa8f50216ce5c9dfbf3c855e25	BlackF1re <plevickij57@gmail.com> 1788582083 +0700	BlackF1re <plevickij57@gmail.com> 1788582083 +0700	True	b699f4b945d8dad412ab70f4535d820689a381595914bb99f15cf17688461ac5
2327fb0450a36fee76c1b2ae8e10efa8e21ba93d	bfe55297c202dc92d6b7e67bba6321ef639feacf	f0bd48e7aa98d5f8c4d2eead712d183da8684d7b	BlackF1re <plevickij57@gmail.com> 1788582900 +0700	BlackF1re <plevickij57@gmail.com> 1788582900 +0700	True	1e03cf60c0a128ce7b8e64c4db0627d5dee2833d8696b972ad3034162ae50456
c70455dbf89c4692d3b0436ff9de6f3575e89017	0d7da120f7cc39045ad8a33642fd756401a7d3c4	03edd5bd5c2ef856baf6ffdd42a4c4ef334276ec	BlackF1re <55582873+BlackF1re@users.noreply.github.com> 1788610257 +0700	BlackF1re <55582873+BlackF1re@users.noreply.github.com> 1788610257 +0700	False	835a47920411d3f4b63190a26bf751a2526d0897a0570f258e2a04a5f048c3cf
a097d6af78492c783609716acf009d42a141cdc9	4fcf18f655c0d959926878a77b0b5d21f5ed3c2d	5c050920f4698fda46a219431cbd4b0c181a0b79	BlackF1re <55582873+BlackF1re@users.noreply.github.com> 1788610473 +0700	BlackF1re <55582873+BlackF1re@users.noreply.github.com> 1788610473 +0700	False	1e517f3317d1fac377d4cb303b1634e521044bc63ebb71c44cc1c7a8eb4e6c62
b31a1cfca0047fd223a35fdb47e3e7ee033e819e	9c583242860a47cc651b831364897fc8d271f0e9	a768194962761305589bdac2ab022b7ae8773c91	BlackF1re <55582873+BlackF1re@users.noreply.github.com> 1788610563 +0700	BlackF1re <55582873+BlackF1re@users.noreply.github.com> 1788610563 +0700	False	121e55234f6acc00de3344408dd0fe86d0aaa039100c81970ad460061ddccdf9
0327be64b7b2a771a493c896d89c35bd1e856a50	25116e4d5a5f2316c1566b774a84b0f2c9f8d46e	a8b20144f2979c2b8c38fcb232a9ca5200ab0f16	BlackF1re <55582873+BlackF1re@users.noreply.github.com> 1788618682 +0700	BlackF1re <55582873+BlackF1re@users.noreply.github.com> 1788618682 +0700	False	930624c7586ac266e2e6b83f89f0ffa7a71cbbe1c644fdc4c902546802906533
661a0ce45719e9aee732f2a08a02d8ebbac57736	9fe879c870877fd17ef6dc4caa9310bf7f298bca	822c7f2b95bec44d8a5d924f0171b6864d70bbf1	BlackF1re <55582873+BlackF1re@users.noreply.github.com> 1788618948 +0700	BlackF1re <55582873+BlackF1re@users.noreply.github.com> 1788618948 +0700	False	9f4dd146f9cb1a9d007dba9e3888383514ebb4530bf9fa51b2618fa418c7a18f
6524101f1a4de6562b0522d5ebe1369ce676fb58	ae963255cfc6b69d9799ec6ad955a77e502c8722	7e900060bd91589e81c5a27b63001bc630c78e2e	BlackF1re <55582873+BlackF1re@users.noreply.github.com> 1788619754 +0700	BlackF1re <55582873+BlackF1re@users.noreply.github.com> 1788619754 +0700	False	fb5125cac07a43972d45f34ff583286aaaa5fe218cbfc01ec8464c6c09cf76ca
9659562221a7ad932a6646f7aabad8b6c6148a11	a49058e5a95d0004cd2bad9595e0a0317d4aa347	fa1c9af61331e22a3d410dd358425536d1136d17	BlackF1re <55582873+BlackF1re@users.noreply.github.com> 1788619871 +0700	BlackF1re <55582873+BlackF1re@users.noreply.github.com> 1788619871 +0700	False	9bb947a72e4e8a94f9ea065db936b4ebfe4324ac6b59fd9063543a1a5fc40704
8ad43dc811d8fc767e3c131daf0a0a93fe8a482c	67cd8669d2f82fa2985e665f4b3abf8a5002b973	1f39e4d9f59478cd46247b5ecc01d2aa66d371cd	BlackF1re <55582873+BlackF1re@users.noreply.github.com> 1788619972 +0700	BlackF1re <55582873+BlackF1re@users.noreply.github.com> 1788619972 +0700	False	76fd9154e1fddba95d4dc3c827acd98664096d82af2425aecce9b2b33f78c645
760f9ad3020a2e75c9ec678338cd6b05c5d714c9	2130e302a1f5316c459c20c39eaa98adcce7173d	c0bb4eb2c4cb20ce22de7ae0eb8be5a1400f8af9	BlackF1re <55582873+BlackF1re@users.noreply.github.com> 1788620688 +0700	BlackF1re <55582873+BlackF1re@users.noreply.github.com> 1788620688 +0700	False	525cb38d24b853358e8870ae20589d9c6968b42ff9cf84ed9ef342fc765bc977
534e2ce593855683f71de1df3fa6bf0977f0524c	c5924509235f606881a8a77b94adc9769a9c24ef	fca66f37e5cd86f50b45ebfa28177bebec1b786f	BlackF1re <55582873+BlackF1re@users.noreply.github.com> 1788620859 +0700	BlackF1re <55582873+BlackF1re@users.noreply.github.com> 1788620859 +0700	False	ea6748ec4131318dd173bc7e90d509ae6c1250e3a8d029a96912b69705438d56
82007e16655144c54a51b632b457c3e07b517e29	8b123d6c6960e18b3951069ff4ef74bada83775d	b04aa3a4f4970d230d8526ee4aebac1cbb5b5b70	BlackF1re <55582873+BlackF1re@users.noreply.github.com> 1788620986 +0700	BlackF1re <55582873+BlackF1re@users.noreply.github.com> 1788620986 +0700	False	d3023f977160b130fe0698838b1e910745fe8df2102a35dc58ad458c8bc04f9f
dc9df474dee9c4f3183f858e28ddb363c12d19c0	3aee9d194c768b8f1b74155f3dcf4d0d688f11fe	91731dc3b1409280cec1bcabd4b0cf1473912cd5	BlackF1re <55582873+BlackF1re@users.noreply.github.com> 1788622542 +0700	BlackF1re <55582873+BlackF1re@users.noreply.github.com> 1788622542 +0700	False	2bbcf1c020b4e19804275b1fd81ab1e68f0c73946d2c4d5f46d9d1ba4b9ddd64
ca81c1946788d3f6bc40d4b9c600d9c4fd20f88d	f88a50f41ee7af2cee9e8907216b8315cde4f60e	4d0b6014fb20b3c3a9fdf7e62b19d04858536a14	BlackF1re <plevickij57@gmail.com> 1788625157 +0700	BlackF1re <plevickij57@gmail.com> 1788625157 +0700	True	107fc3882139389455b7a271a069fe7c38218b8d060bb4104c39ab7e48bf55df
12f21b39fe84dd460f86c4c8909f7ff9317b232d	1dd684028023fb14d3fae72713b28894589a0bb6	e430949c6d1e568ec4907c48a39754ec86c49641	BlackF1re <plevickij57@gmail.com> 1788634941 +0700	BlackF1re <plevickij57@gmail.com> 1788634941 +0700	True	fdb16440a6fb9584df695347176285140d720901d2634ab19cbe3da92115a2ba
79e0aee0bd695b5d9028a4c82a7fe8f788578d57	f01ffe2e46f6c1d366b8f09eda2751a3a2d220fd	7fffad5f88d50495b58ca177b0bffa7c35272aad	BlackF1re <plevickij57@gmail.com> 1788636078 +0700	BlackF1re <plevickij57@gmail.com> 1788636078 +0700	True	f7307df42a9ee2d4ca918962bd932a7b0c9187e4693218faba0cd839e1c641c8
f519c40a936401c680bfbbd59d7107ffeba39847	654f5d72e04f5c8902a6cf76dd0ef5fe73a1fe30	c1bd1c87f499c30b3b73ab140bae9bb5615e56b4	BlackF1re <plevickij57@gmail.com> 1788688568 +0700	BlackF1re <plevickij57@gmail.com> 1788688568 +0700	True	a70fad4507b6a2e8ece6c8061b93caf401fc4288c5fed881a0d6c817276cb6f7
881be7fe31aa9a76f36f6132e5fa9a9aafef7f22	76ff41cea37ce93a8ffac6e6a2eee920eee98a2c	0b8e71a636fd489e1da173918e3050534645a6ed	BlackF1re <plevickij57@gmail.com> 1788689539 +0700	BlackF1re <plevickij57@gmail.com> 1788689539 +0700	True	722668f35ef260bdab76b3e2aa6726d36a1ae6c2c3423e55d64a3609013c4f17
cd7a30ce446b4e89fe80bda6d133920a9063e533	eeb7e4b07504cd1502b15cccd8c056c41747e996	78177e606b8c30979286e5536c11b01eebe2c7d8	BlackF1re <plevickij57@gmail.com> 1788710652 +0700	BlackF1re <plevickij57@gmail.com> 1788710652 +0700	True	ec0f3e57810dbe25bce8a43cb629cbee5c5706551f3f5eb163c7e4d8173a2fd1
bd132a77e8df62d1806761e1d89df8b7fd8f8199	6c1124cca8f69bbb858fc1472186f90a26e7e40f	f334cd61f4113a79078d0743b7c06740780fbcd1	BlackF1re <plevickij57@gmail.com> 1788710724 +0700	BlackF1re <plevickij57@gmail.com> 1788710724 +0700	True	d4776404f7501b9377b20933a3d5b43350a183c441aca0101543740c99ccf8fe
15fdbc43a3bdac175a446a813be785449726d6ab	a69e31bdfd6d4153c94c2affd8eda74a660e81e8	9d01f505d18df787a30f4d9d21d34bd4d58ec516	BlackF1re <plevickij57@gmail.com> 1788712711 +0700	BlackF1re <plevickij57@gmail.com> 1788712711 +0700	True	4751845f40d308de31d683eace1967a5579cd3eed5fcc2d19bf0f6094e7a9351
d9a76c8ad9a96c34e5590bf52b425f2589ecf315	e1f5add66e629e7ba6e7391ebd3ade556b2aa2cb	fb91683c1b47fbfbb6d3c5e4323fb1cd90257d0d	BlackF1re <plevickij57@gmail.com> 1788713154 +0700	BlackF1re <plevickij57@gmail.com> 1788713154 +0700	True	5bad595aa69b463b3f636455312e9a27c06fdeaa0e7d6c782d2bf092235c2cee
0d78256e3eb7d84ef90cfa76ed5886436d51d3cc	58e0fb4d2178b7d40e4af72374dd7510bae85e10	4e7c268d4b88e5824130b0cd1cf017862c275470	BlackF1re <plevickij57@gmail.com> 1788764008 +0700	BlackF1re <plevickij57@gmail.com> 1788764008 +0700	True	9b5f95f30a280941b1d8f85a97e9ef266101c186d2a1de2dc30beb96385184ce
05a05c2686d516000721b896c0a1c6b0b1ef974f	e0c7372aabfd3003b11d9c1a41728588e6b63078	dca94039730124992de945a7777de062e4a0f6f1	BlackF1re <plevickij57@gmail.com> 1788766260 +0700	BlackF1re <plevickij57@gmail.com> 1788766260 +0700	True	e9d140bc69792e55ff48dd5c2c43ab8df401cd68c8dde87119de888231699c0b
c1b593c5889e801f90e0d1d88c63659e27f17955	237c316fdfb7dcbbee6d89cc4fe2144eb390ce81	2c0ec73c3f143efc839d20374a2529b8983714ea	BlackF1re <plevickij57@gmail.com> 1788766526 +0700	BlackF1re <plevickij57@gmail.com> 1788766526 +0700	True	8e12487bed1a4cd580d170641a71d4fd03df25a7d5d001f4f25993d8cc8ed670
7efa78a629c4b64dc84fcee3bf744e2073f089c3	72b57bae49600f4989efc4623020e7c3ec465714	7762a256ab284448011cba18a64292bd58d55195	BlackF1re <plevickij57@gmail.com> 1788767234 +0700	BlackF1re <plevickij57@gmail.com> 1788767234 +0700	True	aacb2e7676986f38c78bad253092fa5680569f3674bee1e0c486cb68eef2492a
e1fe420996afa6923818cda0cf260395c2282579	2c42bfaf1a2f0eb1dfdb855988793baa1afa0259	04b9a26a875716ebecced9528575d0c1564d1414	BlackF1re <plevickij57@gmail.com> 1788767441 +0700	BlackF1re <plevickij57@gmail.com> 1788767441 +0700	True	64fe87b1f8badea25a45214cca06a0dee7c07353bef28f44baec32e970bfacce
825c40133a81cddcbf791b050d3e8e8e45e83077	f288d7bcc43f32eea089ac78eea95b9c4a35de19	5ee010b94da8dad5a0ec11d50ce65fb0dc33db23	BlackF1re <plevickij57@gmail.com> 1788782902 +0700	BlackF1re <plevickij57@gmail.com> 1788782951 +0700	True	272b5ab52c6b5df7b321c86d4bd9ddd91da78dbaeb843365ab76c75b32ad44cd
8c53349c4cf565964878362d1c4027bb0bd9541b	b6c19c3d555a600955efe52ff7c6510d4b13b187	0f132b499ea4fbbbb8bdf2c9570a4361ca8db07b	BlackF1re <plevickij57@gmail.com> 1788787445 +0700	BlackF1re <plevickij57@gmail.com> 1788787445 +0700	True	941f7c411da20c8e38ab33ba7889d05d374585f9fb8102bf3428876802e316ab
ffd1dbe445c97f04230b9c474220aba50a51ba6a	7fca7f85672df33209f0fbc33e86a4b7b6e4c554	c8d56a7ba20302d74f7f5b8f9dd42c0a7663b7e6	BlackF1re <plevickij57@gmail.com> 1788806966 +0700	BlackF1re <plevickij57@gmail.com> 1788806966 +0700	True	e36e2096832fbac8c5e79a708e5cd99476352d08570934b82779cd5decaa2d7e
0f64e98a4797bade2a4d7680d54070ea44792a9d	802ae3cd68747c3408a6a570ad7d48a13a2bfff1	7fdc2e1aef6b538a21b210b79216522501268598	BlackF1re <plevickij57@gmail.com> 1788806973 +0700	BlackF1re <plevickij57@gmail.com> 1788806973 +0700	True	3a82bfd206003b1a56f379baa2997e441eb766ef645c3a83166e79527d2a4ee5
d79f293dafe5c518c251e30134fedbeedb6bdc42	e7a54ecc68f8527603d1571635af54e0d4f8250f	0a7c8f33e1d61c4b350c365ca996aa4a391959d7	BlackF1re <plevickij57@gmail.com> 1788870058 +0700	BlackF1re <plevickij57@gmail.com> 1788870058 +0700	True	778235825d3da402d4155be047f4eadbba1a1a3148a09c943d9f31b5a11d112c
dd5860eecf1e87d314d6e3d62128b4111d94473a	e0523e121d4f72f4805d3eae0ec65b47087688a9	98b6dd1248dc4175b56d1d3957e8ed66778ef327	BlackF1re <plevickij57@gmail.com> 1788872700 +0700	BlackF1re <plevickij57@gmail.com> 1788872700 +0700	True	3ce399450497c0100c5f7ae0694e228aa89fa2a150057d701a8049fcb4ab1da7
6d17979f64363058dad3bba927f208163004ce5e	f68f06bf64615d3eee9ec6eaf0494ff6fcb20701	5b6a25106091ba67c6e5f3088a2339beaf7e9374	BlackF1re <plevickij57@gmail.com> 1789060726 +0700	BlackF1re <plevickij57@gmail.com> 1789060726 +0700	True	47ddadc480db4f620206bcd3e0299c304b0ce51add20584cfae3d6a3beb489af
3ec0bebb07b827247d5e1af80d142aba7085fbe8	9a7ad386745690ec03d4e403878cf860ddbff586	c06b0974c26af8ef7f3a7974b0f80accc3fbdd7c	BlackF1re <plevickij57@gmail.com> 1790758534 +0700	BlackF1re <plevickij57@gmail.com> 1790758534 +0700	True	1a469dcc6fe5d457e62a3ebed3534790192fac16ac91cab952731905610db8fe
7ec8447607fcfb58cfd3a856faee3dedbe9a70b0	f4c420ebfac91ecc0f803fb650cac0e21f36f657	0e1fa232196ff7cc348f239c6c4160c1431f7b4f	BlackF1re <plevickij57@gmail.com> 1790758547 +0700	BlackF1re <plevickij57@gmail.com> 1790758547 +0700	True	bcbdceead1fee22cad0a849887d2153c3b26fa198488ede9f0d1eb33b5c4c6ad
f18606d7549c51caa3b3903e1a1abb9129115b6f	9f61d0f4bff8ffc333b139d6951ae22188b4323b	0c8f1dd9e0810204930725b6652e78335086d694	BlackF1re <plevickij57@gmail.com> 1790758603 +0700	BlackF1re <plevickij57@gmail.com> 1790758603 +0700	True	d76fd1494b2df29ff4b1c34d49b1e686768ea8fcd4d111794d8a528308d1d916
a6ee0b43a2696b1acd4b71d929fe9bdba0131d03	90728f42e69ebd298f27f33bb31c43753b317da4	dbe321f917eee8f7d12d92be602e23cf32765eec	BlackF1re <plevickij57@gmail.com> 1790758635 +0700	BlackF1re <plevickij57@gmail.com> 1790758635 +0700	True	b74a06b3ec8648d0ca777b4988d7d8f1b2615670be7c66acc4c3022db7bce8b7
fb7d30945c5260b9e0addadb610972f8b4ec242b	7a693c5fdda0a15c7695bdd7ff755180cec5e5f7	837d003da5cd44bea7ec73c4b29280bf2faf03b7	BlackF1re <plevickij57@gmail.com> 1790758662 +0700	BlackF1re <plevickij57@gmail.com> 1790758662 +0700	True	47969c181f626ca5eba2c94b6f35af3991ebc2eba427e56c1c6fe7b9f78cf239
bba03f5b14301a85f601fcbaf843a41fe469f8fe	c8b171a5a2d81581590f42a6330db983b15ba64c	db3d66b5a6f76a090b4fbcb558ec107665e0de7d	BlackF1re <plevickij57@gmail.com> 1789064314 +0700	BlackF1re <plevickij57@gmail.com> 1789064314 +0700	True	3d8bb529efe891b19bd89070d7e739f823f32a25b4b2659322eff2469b3047f1
7468abd9acce0ee399fd70cb2f25423f04309baf	e52b5ee43c97bbd5c86513fde77b913cb8e19f34	1e58698fd7b31c40762b110a51424f9001cc4809	BlackF1re <plevickij57@gmail.com> 1789065287 +0700	BlackF1re <plevickij57@gmail.com> 1789065287 +0700	True	5dd625e15c9d69719f8ebf02862dae19c675563f9d567a2ae6e3675b2a54dd6d
a251f3aca6b9750e627f67237ae876648a4036ed	d229b72d461cf8c2c2c2a1898edb6bb7811423a3	e6bbd9585214dcc859d39766d94365e1c9d5763a	BlackF1re <plevickij57@gmail.com> 1789066095 +0700	BlackF1re <plevickij57@gmail.com> 1789066095 +0700	True	75c8fb0db27e9e691fe90be6a7d31a10d3da5cbf200605bab45a8bfeb58f52b9
d84269d982b75887cc8f6f6737cc37bb92582bbe	7957078e11068bf66baf2e4f47fd3fbf37f63a43	662afba9e4014e79d4882b07f1479ab5f1c8a7d0	BlackF1re <plevickij57@gmail.com> 1789114949 +0700	BlackF1re <plevickij57@gmail.com> 1789114949 +0700	True	6f378e8524d1917b40e41d8c749ac13b35a30510c41c1b3f90c29507fe1f4f57
c8433da272e778cba169f44fb4bdfab27437c1d7	ca66218f72d0b0d0428c7209ac6e3148765c1e13	845ec15bfc661601bdb11c74f4ecf6eeda086538	BlackF1re <plevickij57@gmail.com> 1789321944 +0700	BlackF1re <plevickij57@gmail.com> 1789321944 +0700	True	2dbe2e28621ede314b4b26c8169d85497a4c3589d73e767a2d5323e33166eaa9
7fe2f8bdb322a9ac96436ea126f2e9ae463f5654	c6a8410351765ebf085f7e54cda765064bd4d4e0	3c2b8e40611571748c054579eaa93d064c83e267	BlackF1re <plevickij57@gmail.com> 1789400197 +0700	BlackF1re <plevickij57@gmail.com> 1789400323 +0700	True	18854f9bfe45e1a2f380f72b7b04b9e17f8a3a4f9af407daae4c9b1455819481
caaa7791fb32a5c5fce82e005c2463bef00e3921	079714d1183120dc296de418c63f78350d4cec80	1cb9851e5f6c8b25bdfb50e175619efa74726a57	BlackF1re <plevickij57@gmail.com> 1789402215 +0700	BlackF1re <plevickij57@gmail.com> 1789402215 +0700	True	cc8ce103fcbe1d554b1b36a77da5846ef4040a430b553834bf6ebc6034f3d480
20e09982fe42f2addf9ad88a1d4af396e9a6de22	33a58e9b44217b3985bffbb46818c02f84c45bfa	69426bd426d0db419c819ef7860d55875430b06c	BlackF1re <plevickij57@gmail.com> 1789405980 +0700	BlackF1re <plevickij57@gmail.com> 1789405980 +0700	True	765b9094f8f7bbd71753caf1ac5a5740e6d8875ed8b367b6536a2b3b59a001a4
5597e253d86cb28721bcd1a93f5e3fc18b7997e9	779b90c2cf5b387318d0248f489a9b35f55cf1ec	ae4d0e242d38dd49288767e9050b2882d96c8ce0	BlackF1re <plevickij57@gmail.com> 1789407014 +0700	BlackF1re <plevickij57@gmail.com> 1789407014 +0700	True	71f7ac42d3e18db22ee8a9b4e63e289148702bbad8ad978b9624d62b6ba1efd3
602941e6e91e048c178993a53858dfd7ef7e0c61	b01a3f21affc4a44e4a7c9f8bddfa3e47991ca4b	976f90378ac2ffdd1dc23838bf2680f1d5542e78	BlackF1re <plevickij57@gmail.com> 1789409466 +0700	BlackF1re <plevickij57@gmail.com> 1789409466 +0700	True	c00f4787981be311e5207639b4936a475246d67ac83bb6867db17e9aef481756
3b8ff33a4d4a95d85bdfa14d32bccb319c247df5	cae3a48032359d938bab50a385f10ded88ab5564	8e29560db48a8137e541041d65ed5196280fd19f	BlackF1re <plevickij57@gmail.com> 1789457760 +0700	BlackF1re <plevickij57@gmail.com> 1789457760 +0700	True	c7ecf4334461b34415822dcb0fd76c9e7a41a601c0eb1b75ddb67554aeae9e5c
db95b0d53b3c73cbcb61479fd5076dccbcfe65e1	12ee5ea78151764b2d6557206fac84d90874d8b2	6eadd618d578bc0409fa3d910c0a845e6c27311b	BlackF1re <plevickij57@gmail.com> 1789496322 +0700	BlackF1re <plevickij57@gmail.com> 1789496322 +0700	True	4834903263a06da5dc1183e3f416e7b6481fabf44bb5c1c3349a4ae8a9dcdeda
6b937ca99ba2ea07e0e007287f7434c88029ae67	8eb1d225d34fdd3a5644a498163562c11fc4ac20	e7cc04500f0d79a8d36cbf7ce6aaf33dc8da7313	BlackF1re <plevickij57@gmail.com> 1789496322 +0700	BlackF1re <plevickij57@gmail.com> 1789496322 +0700	True	1b34b8872773b24b9905d8901fb7efe173957a81f45b75089cd73d6758eff4e9
b762ea5b64938491e2976cf2faa138b1163b444d	ef38005b21a9d9917d3b227483fdacb188fc99de	5c523a7276728e81566c72e0ad3a0517bbe55007	BlackF1re <plevickij57@gmail.com> 1790760123 +0700	BlackF1re <plevickij57@gmail.com> 1790760123 +0700	True	0c8eae565574fc8f22d39d4215db13ec6cf9530d1189c5aa58d9188b12a917d2
31d831218a8fac960317bc85fc046742a608207c	ae53df9369ae3dbb2548230ae6e9987fae549d78	211a769cf74dc0025dee68185a5fcb1eb25190d4	BlackF1re <plevickij57@gmail.com> 1789544090 +0700	BlackF1re <plevickij57@gmail.com> 1789544090 +0700	True	4d8e2f91edc2dafdffa40306d7a7ab10f1935a89067ebe091e320f4fb90c87eb
6960b7dba82c9378e981e68fdcf45a4323053ac9	8cea0300ea9d97f49642fcb3dcd5f5143ecc4c61	b95825f4973e084d45478343e6abdb4cafe7022a	BlackF1re <plevickij57@gmail.com> 1790759029 +0700	BlackF1re <plevickij57@gmail.com> 1790759029 +0700	True	37759b7892316db1049c7e600c357b27016b609243bc2693c8df96d6c40c1d47
0bcdb1c43ed90eed722dfa0021d5c78bfe0e3b1e	588477ac6cf94338f7572facb0a30babd1a72909	b95825f4973e084d45478343e6abdb4cafe7022a	BlackF1re <55582873+BlackF1re@users.noreply.github.com> 1790761156 +0700	GitHub <noreply@github.com> 1790761156 +0700	True	e106a7d5b32ea29472a1c9ee647d8718d66dd71e064699d56ac4e2f6bfdaa84d
65e9c56ac69e3e63f32cfa8debc5703f6454e214	045f93516a785c546e5fe633e0743291707311db	abf29bd6d979b5c829e9c3a08e91afc2239e935a	BlackF1re <plevickij57@gmail.com> 1790761252 +0700	BlackF1re <plevickij57@gmail.com> 1790761252 +0700	True	71a7ccb27933bf22e7ed1aa1e383e4a72a1bb3012e8bc4c69707dce1ef52fc62
846956e0e18bcafda0d63850ec183815c6be2e76	497fed6bc373f3111e0383730333ee5601cc3bff	abf29bd6d979b5c829e9c3a08e91afc2239e935a	BlackF1re <55582873+BlackF1re@users.noreply.github.com> 1790761298 +0700	GitHub <noreply@github.com> 1790761298 +0700	True	f7742c929fabd8395001cfdce5aa9f18ee387983c554c212229646ec99c96c54
2c936e138fa64696118b157b400dab8d8fa77b3f	a0c25cd258b5272845b27405cbde7463ae875b1a	23e84e80884f7d0ebc21485bcce68e4235ce0182	BlackF1re <plevickij57@gmail.com> 1790763095 +0700	BlackF1re <plevickij57@gmail.com> 1790763095 +0700	True	1e1aa06b5dba95625fe381bc3c3e37ee5961a84db89375193db10f8d86b29d4f
06cc27dbdaaea5e2e4fbfa2ece500e70b4d05cb0	67be9c69ce6ce8d882034f1d7de85d841966326a	73e8e852f50ec19232a4ff8e5c17e4cc5090ca76	BlackF1re <plevickij57@gmail.com> 1791126129 +0700	BlackF1re <plevickij57@gmail.com> 1791126129 +0700	True	2fa226f5568d4c374da1b2769ef917530aadfc6938a1919db5fa96d9b3a0188b
9e5828dbb47f933d2387c544cd4f1284e5dad253	f3e75c5734eaefa34e2c84d843e865eed4e3f3be	c789864e60d94493b15c544069ec69a2cef7c526	BlackF1re <plevickij57@gmail.com> 1791127420 +0700	BlackF1re <plevickij57@gmail.com> 1791127435 +0700	True	0aad480a4af9da370e3db48149a4384d0242de3673c2f414c7e7737be93c432c
c6146fd7581925bb063bc197a0df04485ff105d6	c8083346fb018b8ad3b190828c476ba6d7f7c35e	bdde595413726473065030ac7d1306daa12eee51	BlackF1re <plevickij57@gmail.com> 1791127471 +0700	BlackF1re <plevickij57@gmail.com> 1791127471 +0700	True	6cbcb775af9968254afa5e701741180fa3ff8bd2789b8194249df817cc254d3c
b65928302fe42c6db77ac32616a7d7e7b506fb43	e3c25a5152f7f9e76b1b25c547a243d547976120	b172cba242fa250886fa34b54166b9e183f43eb2	BlackF1re <plevickij57@gmail.com> 1791128309 +0700	BlackF1re <plevickij57@gmail.com> 1791128309 +0700	True	a800e40a7fb777dadce4b93ddcd25b4f79106beb11fe796ae1df6e4ca85b4c42
d8971414b27adbae0a2c978b66ba4a4b97838110	1909f00031dc949a4d327b7bbcfb450ef98dd6af	527b2610fa38521e7713059aebf8363da9b7e138	BlackF1re <plevickij57@gmail.com> 1791128345 +0700	BlackF1re <plevickij57@gmail.com> 1791128345 +0700	True	c8ca9bc60b8d8b2fe4b21af2e86113d7fc161f9c18542c260e09f22d2351ca58
b9e4b586a13a560fbd6e99f81662d29aebce6a02	745ae90fa7647e335d36812068d772868de6b92c	d870acb6c03524a6656892f65d8ad4046388cae3	BlackF1re <plevickij57@gmail.com> 1791130199 +0700	BlackF1re <plevickij57@gmail.com> 1791130211 +0700	True	b801d19cfe7615f12b4ae7f600e029126dd678a086781aba314c035150fec173
937214d3084d5c87810d5eb64bac5b81cfb1e422	b6baaa42b5a2799e27f0f465dab4f7251099b478	f1bf5e16b7369af654b16186d50750af37ec8389	BlackF1re <plevickij57@gmail.com> 1791132423 +0700	BlackF1re <plevickij57@gmail.com> 1791132423 +0700	True	0c3499f2456ad047b749db298183c260d3c543be7572e313e8659c1682459711
7f1e1190bc8ea4e7b5d29509e71e3be14c40d7f2	4071984486244da6ce8ffd6827a09afb5c43c7b1	d8da1f365c660c69f2ef83fc66ffb26ec6930cec	BlackF1re <plevickij57@gmail.com> 1791133929 +0700	BlackF1re <plevickij57@gmail.com> 1791133929 +0700	True	c102474205bfc01f162db92b4320f7d897bbac2fbfca4eab641e941e1fdaf5fa
3b83e6f80a0a2d67710f39237307cbe052478cfe	75d04b71ff6654d9741bb9fab589cbfd6c298778	2d9c589c4691f10123df414b419a0239e6dd1a64	BlackF1re <plevickij57@gmail.com> 1791134558 +0700	BlackF1re <plevickij57@gmail.com> 1791134558 +0700	True	fbe20793213301867b59d36e670b8f2548c77efd0785a5a8d79b5732fe4ef063
5225eb0768a8a0b81d1fc7d8b6842c4b7ac3c510	0bb180b39dce094c4feebecd636deb80b8bb85c8	0fab74a82659693c2ebcbd0cc0f771e31fce329a	BlackF1re <plevickij57@gmail.com> 1791135422 +0700	BlackF1re <plevickij57@gmail.com> 1791135422 +0700	True	5160538f12ecacb363ce585139789a6e199c0120a71a129a052882bfbeae365b
