id	patch_or_transform	sha256	review	kind	effect	source	source_sha256	execution_gate	live_function_evidence	necessity_limit
0001	kernel/patches/0001-hikari-clocks.patch	917b8fb5a6ecfb5b5b1b7ce9784962b175d8d71be7a5a67e12829243304133d1	SOURCE_REVIEWED	RUNTIME	Complete clocks subsystem support; 19 individual source reviews retained.	drivers/clk/qcom/gdsc.c:76	626bbc755f6466ce0ffdd74a9985309966d298943a330f2808289417e63b7f39	LEGACY_FOOTSWITCH flag in MMCC GDSCs; error rollback requires failed regulator/regmap operation.	hikari-display-audit:msm8660_mmcc_scm_reg_read:EXECUTED:509; hikari-patch-audit:msm8660_mmcc_scm_reg_read:EXECUTED:509; hikari-display-audit:msm8660_mmcc_scm_reg_write:EXECUTED:84; hikari-patch-audit:msm8660_mmcc_scm_reg_write:EXECUTED:84	See each preserved component review. Consolidation is not new physical verification.
0002	kernel/patches/0002-hikari-scm.patch	dd80870b1442d2abf93ba8ad2f20860d5871ba6b6479ce8be4e5b5baeb48467f	SOURCE_REVIEWED	RUNTIME	Complete scm subsystem support; 2 individual source reviews retained.	drivers/firmware/qcom/qcom_scm.c:2901	c1fa97feeea668cdc7b04cbff21686bafe1f1a51115c6f3ca0a3f34724f2d6d0	qcom,scm-msm8660; successful legacy provider boot log; omitted commands are deliberate behavior.	hikari-display-audit:qcom_scm_io_readl:EXECUTED:509; hikari-patch-audit:qcom_scm_io_readl:EXECUTED:509; hikari-display-audit:qcom_scm_io_writel:EXECUTED:84; hikari-patch-audit:qcom_scm_io_writel:EXECUTED:84	See each preserved component review. Consolidation is not new physical verification.
0003	kernel/patches/0003-hikari-interconnect.patch	14deea9bd0e0d1fac5f1ae522833756e1521afc879d9c8dba39be9359d50da6d	SOURCE_REVIEWED	ABI	Complete interconnect subsystem support; 2 individual source reviews retained.	Documentation/devicetree/bindings/interconnect/qcom,msm8660.yaml:4	e5fee202bb9f4aeb3506ac402b69d4e9be09a54e86b4c317fd43cd51ea61eb3a	DT schema plus included endpoint header; no independent runtime call.	msm8660_icc_set:NOT_MEASURED	See each preserved component review. Consolidation is not new physical verification.
0004	kernel/patches/0004-hikari-pmic.patch	7d56ff0cb5c3815c0ccc4e60b8ae7e16d7501d6e6353492b3cf025bfdddf7bba	SOURCE_REVIEWED	RUNTIME	Complete pmic subsystem support; 4 individual source reviews retained.	drivers/mfd/qcom-pm8xxx.c:64	22302409b8f5bf1c9734000a7fc52c8a5c4f6bacd52f5d73d7453af2d068ae3b	qcom,pm8901 and PM8901 MPP nodes bind; individual input IRQ not artificially injected.	NOT_MEASURED_OR_INTERFACE_ONLY	See each preserved component review. Consolidation is not new physical verification.
0005	kernel/patches/0005-hikari-cpu.patch	4b884991c64696eab6dff5ac13e01bc2c8ceb9f46aa5e921c59aee4505d7f547	SOURCE_REVIEWED	CONFIG_GATED	Complete cpu subsystem support; 2 individual source reviews retained.	drivers/regulator/qcom-msm8660-saw-regulator.c:271	3a28b5fd718d24625eab1ae014380d4dad07e7336c5ca1151172026eab1d8c37	Target CONFIG_REGULATOR_QCOM_MSM8660_SAW + DT nodes; currently running image lacks validated SAW/DVFS adoption.	NOT_MEASURED_OR_INTERFACE_ONLY	See each preserved component review. Consolidation is not new physical verification.
0006	kernel/patches/0006-hikari-charging.patch	8033f6464ab57aa6196b8abc4b6f6b9252231416ca1b91343274dca4aecf093f	SOURCE_REVIEWED	RUNTIME	Complete charging subsystem support; 4 individual source reviews retained.	drivers/power/supply/bq24160_charger.c:742	935a32c0408355b7af286f067a944206e30d1841881306162dd533361ded7190	I2C 1-006b; separate USB/IN sources and charge watchdog.	hikari-display-audit:bq24160_get_property:EXECUTED:67; hikari-patch-audit:bq24160_get_property:EXECUTED:48; hikari-display-audit:bq24160_status_work:EXECUTED:1; hikari-patch-audit:bq24160_status_work:NOT_EXERCISED:0; hikari-display-audit:bq24160_sync_locked:EXECUTED:3; hikari-patch-audit:bq24160_sync_locked:EXECUTED:2; hikari-display-audit:bq27xxx_battery_get_property:EXECUTED:28; hikari-patch-audit:bq27xxx_battery_get_property:EXECUTED:14	See each preserved component review. Consolidation is not new physical verification.
0007	kernel/patches/0007-hikari-thermal.patch	b9b85b052793b5bb03ff3c2fdfb1f6b7f0efc8da3167bd49ed2b019ad529a2b0	SOURCE_REVIEWED	RUNTIME	Complete thermal subsystem support; 1 individual source reviews retained.	drivers/thermal/qcom/tsens-8960.c:339	862435748b69c68b30209a7a344e6e4aa36774d9d323566f5f90a8ee7372d5ed	Thermal node bound and temperatures read; calibration init retained, thermal shutdown not induced.	hikari-display-audit:tsens_get_temp:EXECUTED:14; hikari-patch-audit:tsens_get_temp:EXECUTED:20	See each preserved component review. Consolidation is not new physical verification.
0008	kernel/patches/0008-hikari-usb.patch	e1b9d3f1c3ce76e0744eb4fdd694b2641303fae3af17875bc45c8588a87384ff	SOURCE_REVIEWED	RUNTIME	Complete usb subsystem support; 1 individual source reviews retained.	drivers/phy/qualcomm/phy-qcom-usb-hs.c:137	fb453a7baef3c45724d3b3efebc4c84d59e5d266a40acb373516a48c61e8133f	USB PHY power-on; current transport works but rail toggle not forced.	NOT_MEASURED_OR_INTERFACE_ONLY	See each preserved component review. Consolidation is not new physical verification.
0009	kernel/patches/0009-hikari-mmc.patch	27cc86ac5018f7ae17c274cde8652129adf53233d33b9d4883c5774cec6163fa	SOURCE_REVIEWED	RUNTIME	Complete mmc subsystem support; 1 individual source reviews retained.	drivers/mmc/host/mmci.c:1611	c90bc4590a03032c4aad272be001b585e6dd5a24feace2c2bf98647ac6b22cac	variant->qcom_fifo and PIO RX; SDIO PIO IRQ observed, helper inlined so no standalone symbol.	hikari-display-audit:mmci_pio_irq:EXECUTED:832; hikari-patch-audit:mmci_pio_irq:EXECUTED:258	See each preserved component review. Consolidation is not new physical verification.
0010	kernel/patches/0010-hikari-watchdog.patch	3d600d779493084be4f0f2181d8a92b190575e36fd14d195e4fda82a406fbe40	SOURCE_REVIEWED	RUNTIME	Complete watchdog subsystem support; 1 individual source reviews retained.	drivers/watchdog/qcom-wdt.c:353	9c977f507cd8775811b7a8fad6c1efe41f309aff275431a4237dced25e693541	Shutdown/kexec notifier; no deliberate reboot from SMP SYSTEM for audit.	NOT_MEASURED_OR_INTERFACE_ONLY	See each preserved component review. Consolidation is not new physical verification.
0011	kernel/patches/0011-hikari-input.patch	a3f69a6a751d425056c645b5db4dbdb9720f5db7aaf12bec21f0644e4c0bb005	SOURCE_REVIEWED	RUNTIME	Complete input subsystem support; 1 individual source reviews retained.	drivers/input/rmi4/rmi_2d_sensor.c:103	75ca91a5ad0294aec771d999d7769728f24e75182b22977bc86d67bde59a79e7	Nonempty DT overlay + real F11/F12 contacts; inactive phone gives zero calls, synthetic input would not prove hardware.	hikari-display-audit:rmi_2d_sensor_abs_report:NOT_EXERCISED:0; hikari-patch-audit:rmi_2d_sensor_abs_report:NOT_EXERCISED:0; hikari-display-audit:rmi_2d_sensor_sync_frame:NOT_EXERCISED:0; hikari-patch-audit:rmi_2d_sensor_sync_frame:NOT_EXERCISED:0	See each preserved component review. Consolidation is not new physical verification.
0012	kernel/patches/0012-hikari-sensors.patch	4714e0598f99f5f9cdeb493c356f2e143a8ade68f8adff3cfa5be19fc686948e	SOURCE_REVIEWED	TRANSFORM	Complete sensors subsystem support; 1 individual source reviews retained.	drivers/iio/proximity/apds9702.c:47	f3714e0676f9cff99486228280e17855b343198a1dbdb2607c220a9898a142df	CONFIG_APDS9702/AK8975 + matched DT/I2C GPIO; both devices actually exposed on the current phone.	NOT_MEASURED_OR_INTERFACE_ONLY	See each preserved component review. Consolidation is not new physical verification.
0013	kernel/patches/0013-hikari-backlight.patch	2fb5e658cb0295977d85b1ddbf7c2297dd5ac1783584ee674c254d70436b0163	SOURCE_REVIEWED	TRANSFORM	Complete backlight subsystem support; 1 individual source reviews retained.	drivers/video/backlight/as3676-backlight.c:138	24dcd08a54eda23767f0a95fd02266b49639fa6ec8e836503d01d96daa429f1c	I2C IDs + DT ALS property; brightness callback exercised/restored; LED/ALS separate tests.	hikari-display-audit:as3676_backlight_update_status:EXECUTED:3; hikari-patch-audit:as3676_backlight_update_status:NOT_EXERCISED:0	See each preserved component review. Consolidation is not new physical verification.
0014	kernel/patches/0014-hikari-display.patch	52d56c2373a43be74294cf0b2788fb80a2cddcb9bf8bcb3ba765b657b0f2183d	SOURCE_REVIEWED	RUNTIME	Complete display subsystem support; 21 individual source reviews retained.	drivers/gpu/drm/msm/dsi/phy/dsi_phy_45nm.c:193	28ac3ef8c8a1fe9e113d19004c8fde26dc2cd52c0886c08b97945158d5ec0166	Matched panel/PHY; later patches/transforms refine initialization rather than cancel driver support.	hikari-display-audit:as3676_backlight_update_status:EXECUTED:3; hikari-patch-audit:as3676_backlight_update_status:NOT_EXERCISED:0; hikari-display-audit:mdp4_crtc_commit_irq:EXECUTED:98; hikari-patch-audit:mdp4_crtc_commit_irq:NOT_EXERCISED:0; hikari-display-audit:mdp4_disable:EXECUTED:99; hikari-patch-audit:mdp4_disable:NOT_EXERCISED:0; hikari-display-audit:mdp4_enable:EXECUTED:99; hikari-patch-audit:mdp4_enable:NOT_EXERCISED:0; hikari-display-audit:msm_framebuffer_cleanup:EXECUTED:98; hikari-patch-audit:msm_framebuffer_cleanup:NOT_EXERCISED:0; hikari-display-audit:msm_framebuffer_prepare:EXECUTED:98; hikari-patch-audit:msm_framebuffer_prepare:NOT_EXERCISED:0; hikari-display-audit:msm_gem_get_and_pin_phys:EXECUTED:98; hikari-patch-audit:msm_gem_get_and_pin_phys:NOT_EXERCISED:0; hikari-display-audit:msm_gem_unpin_phys:EXECUTED:98; hikari-patch-audit:msm_gem_unpin_phys:NOT_EXERCISED:0	See each preserved component review. Consolidation is not new physical verification.
0015	kernel/patches/0015-hikari-gpu.patch	393ee4724ce8ad649c7c50302add835ff563d405b775c738f70d6799a73661f0	SOURCE_REVIEWED	RUNTIME	Complete gpu subsystem support; 2 individual source reviews retained.	drivers/gpu/drm/msm/adreno/a2xx_gpu.c:82	3cbb12a4c1a432ba8e5832d44f01feca958c32f1b7ea9f890add28b9ac3f5d80	A220 revision220 + init/submit/map/unmap; transition56 NEAR noSEVERE.	hikari-display-audit:a2xx_gpummu_map:EXECUTED:28; hikari-patch-audit:a2xx_gpummu_map:EXECUTED:8; hikari-display-audit:a2xx_gpummu_unmap:EXECUTED:23; hikari-patch-audit:a2xx_gpummu_unmap:EXECUTED:8; hikari-display-audit:a2xx_submit:EXECUTED:230; hikari-patch-audit:a2xx_submit:EXECUTED:57	See each preserved component review. Consolidation is not new physical verification.
0016	kernel/patches/0016-hikari-iommu.patch	c4054c6a284257a856db0a4bc509df4b7748d80ba25467a1246f5aaeb4f1090f	SOURCE_REVIEWED	ABI	Complete iommu subsystem support; 1 individual source reviews retained.	Documentation/devicetree/bindings/iommu/qcom,apq8064-iommu.yaml:24	8c72b991490f5c51fddf6e81e1654c9b819adbf36f46e63df6d5cfb3da6bbdb0	Schema for optional IOMMU path; current scanout intentionally uses physical/CMA.	NOT_MEASURED_OR_INTERFACE_ONLY	See each preserved component review. Consolidation is not new physical verification.
0017	kernel/patches/0017-hikari-board.patch	b9554991b814be721d1e9925cf06393d49542462b76e4ba1520e913a1b401cac	SOURCE_REVIEWED	ABI	Complete board subsystem support; 1 individual source reviews retained.	arch/arm/boot/dts/qcom/qcom-msm8260-sony-hikari.dts:15	c688fca81f57d6afee72925da2ce588db656039edccf426e8fdd4d3033c08641	CONFIG_ARCH_QCOM + Hikari DTB; canonical board files must match kernel/dts.	NOT_MEASURED_OR_INTERFACE_ONLY	See each preserved component review. Consolidation is not new physical verification.
