patch	sha256	assessment	replacement	reason
research/patches/canonical-dts/0034-arm-dts-qcom-add-Hikari-SCM-firmware-node.patch	177bebdead6796dcba41a4fcaa1c649d74092f6ef4df49013ab59593542a7559	DUPLICATE_CANONICAL_DTS	kernel/dts	Canonical board installation supplies final nodes/clock names instead of these unused exports.
research/patches/canonical-dts/0037-arm-dts-qcom-select-Hikari-BQ27520-G1-register-map.patch	e677d3668f0cbce7574605fef4276119f2291b3aec4e4bdc7174e18ed9730b08	DUPLICATE_CANONICAL_DTS	kernel/dts	Canonical board installation supplies final nodes/clock names instead of these unused exports.
research/patches/canonical-dts/0059-arm-dts-qcom-use-unique-Hikari-DSI1-clock-parents.patch	8865fa60e102fa304279c5d1ffbcc4bb1d484361245417a96d1019084df615c7	DUPLICATE_CANONICAL_DTS	kernel/dts	Canonical board installation supplies final nodes/clock names instead of these unused exports.
research/patches/retired-display-dsi/0001-drm-msm-finalize-Hikari-DSI-transfer-path.patch	7ef78f8527450bddcf9a441a014018333aa50a01ce612b1b11afa725576860e9	RETIRED_DEVICE_REGRESSION	Current DSI DMA path	Combined experiment timed out on the physical panel; individual ideas not isolated.
research/patches/retired-display-dsi/0001-drm-msm-mdp4-rearm-Hikari-DSI-timing-generator.patch	74cb6fda7aa0044d28977e3d92e45df3ec67763321e85a5ef7c571523f8855f7	RETIRED_DEVICE_REGRESSION	Current DSI DMA path	Combined experiment timed out on the physical panel; individual ideas not isolated.
research/patches/retired-display-iommu/0040-iommu-msm-enable-clocks-during-hardware-probe.patch	a9b4375a56b12a252ed39271d14d74c904d961d697842f57c3e23b445bdd3019	INACTIVE_NO_PRODUCTION_CONSUMER	0065 physical/CMA scanout	MDP iommus removed; provider nodes disabled. No claim this driver works.
research/patches/retired-display-iommu/0041-iommu-msm-track-client-masters-per-provider.patch	a0df8309cc9381145b6831a2b6c9e5f85b41fe8b1b0b3f64a89761c558cdf796	INACTIVE_NO_PRODUCTION_CONSUMER	0065 physical/CMA scanout	MDP iommus removed; provider nodes disabled. No claim this driver works.
research/patches/retired-display-iommu/0042-iommu-msm-fix-page-table-DMA-ownership.patch	66456d7944cd8c086a5ee1c945df8efa5c58e9d5bf9c74e153b6d8a921969fc4	INACTIVE_NO_PRODUCTION_CONSUMER	0065 physical/CMA scanout	MDP iommus removed; provider nodes disabled. No claim this driver works.
research/patches/retired-display-iommu/0063-dt-bindings-display-msm-mdp4-allow-MSM8x60-MIDs.patch	0b679e779f4032cc705e5baaca86d9ebd5899bb0d5ad0915d9d9a5b39d9a1ec9	INACTIVE_NO_PRODUCTION_CONSUMER	0065 physical/CMA scanout	MDP iommus removed; provider nodes disabled. No claim this driver works.
research/patches/retired-display-iommu/0064-iommu-msm-complete-MSM8x60-register-writes.patch	8347c522367ca9e367a7e7303874919bf54e833a9068c6518e634048140c6068	INACTIVE_NO_PRODUCTION_CONSUMER	0065 physical/CMA scanout	MDP iommus removed; provider nodes disabled. No claim this driver works.
research/patches/superseded-integration/0079-feat-integrate-hardware-support-and-MSM8260-DVFS.patch	edd45106073ddcb1c601000e10cb3d9f5de60c72a4683a7e21ab3be1cb517317	SPLIT_BY_SUBSYSTEM	0080..0084 + canonical DTS	Original owner integration preserved as separate subsystem patches; not deleted functionality.
research/patches/superseded-stages-20261004/0009-feat-add-Hikari-DRM-display-pipeline.patch	525e4376ff869d98a33834e5675a923dc5c59c0f76f6955595d6ff8c035e9702	SUPERSEDED_STAGE	0009b + kernel/dts	Final implementation preserved; intermediate replay canceled or consolidated.
research/patches/superseded-stages-20261004/0011-fix-use-MDP4-clock-DT-ABI-names.patch	898c253a665a207faa2b8e996ef19a89d4a207485a12920f9d37f11d1cec4ea0	SUPERSEDED_STAGE	kernel/dts	Final implementation preserved; intermediate replay canceled or consolidated.
research/patches/superseded-stages-20261004/0023-drm-msm-dsi-quiesce-MSM8x60-clocks-before-gating.patch	b8a7cb9c292918025b5e0ca1856785d2cc0e6331b263410cd938936dd33a2844	SUPERSEDED_STAGE	0027b	Final implementation preserved; intermediate replay canceled or consolidated.
research/patches/superseded-stages-20261004/0026-drm-msm-dsi-complete-MSM8x60-boot-state-quiesce.patch	4b817c0d986f0c1ccab98da0f3ba1604d70c9e1ae99ad2bcae93a55e95bc6b76	SUPERSEDED_STAGE	0027b	Final implementation preserved; intermediate replay canceled or consolidated.
research/patches/superseded-stages-20261004/0027-drm-msm-dsi-quiesce-MSM8x60-boot-state-once.patch	42de87dc60d9cd4ff181732969d1dec3d391f4ddb78d4204d056a5b9e47bd271	SUPERSEDED_STAGE	0027b	Final implementation preserved; intermediate replay canceled or consolidated.
research/patches/superseded-stages-20261004/0029-arm-dts-qcom-power-Hikari-MDP4-before-access.patch	4e7a9f683c3001c1a3c3115187d6ed2afdfa3b37d3b07bbf805a90778d55fd49	SUPERSEDED_STAGE	0031b (without progress message)	Patch changes only an informational log, not power-domain functionality; removed.
research/patches/superseded-stages-20261004/0031-drm-msm-mdp4-fail-safely-on-MSM8x60-clock-errors.patch	af39e83057a5070141fd319196304e4f6f7db5d84e52e8481a321853fa43e108	SUPERSEDED_STAGE	0031b	Final implementation preserved; intermediate replay canceled or consolidated.
research/patches/superseded-stages-20261004/0047-clk-qcom-alias-the-MSM8x60-MDP-LUT-clock.patch	19cbb087f1f69f51aa9fdace5fe18036b65bf0e23ad00f097382fa67b51e65e1	SUPERSEDED_STAGE	0048b	Final implementation preserved; intermediate replay canceled or consolidated.
research/patches/superseded-stages-20261004/0048-clk-qcom-model-the-MSM8x60-MDP-LUT-clock-safely.patch	44b6fb7cf95bb514164ca8e1f706e62512b792611ea38abca08f5a24367602d8	SUPERSEDED_STAGE	0048b	Final implementation preserved; intermediate replay canceled or consolidated.
research/patches/superseded-stages-20261004/0053-clk-qcom-use-pixel-RCG-ops-for-MSM8x60-DSI.patch	521db4991ae69bb067406a078832338b787df13f23ef546f2d785db6d9d6255f	SUPERSEDED_STAGE	0057b	Final implementation preserved; intermediate replay canceled or consolidated.
research/patches/superseded-stages-20261004/0054-drm-msm-dsi-tolerate-missed-MSM8x60-command-DMA-IRQ.patch	4489f920aa78829abf1e7a372a37a69e52f6e4cc0218a23ffa5104a43d9f1c00	SUPERSEDED_STAGE	0056b	Final implementation preserved; intermediate replay canceled or consolidated.
research/patches/superseded-stages-20261004/0055-drm-msm-dsi-match-Hikari-software-trigger.patch	f0d2a5e8bc9ac7204f52ea6b7163238b5a0e9434cd21b5cdc48342b62e4780d1	SUPERSEDED_STAGE	0056b	Final implementation preserved; intermediate replay canceled or consolidated.
research/patches/superseded-stages-20261004/0056-drm-msm-dsi-accept-idle-MSM8x60-command-DMA-timeout.patch	7eca061c3fdf929a3502572b43df4db41a6dccacda1284b011ae73f4d718286c	SUPERSEDED_STAGE	0056b	Final implementation preserved; intermediate replay canceled or consolidated.
research/patches/superseded-stages-20261004/0057-clk-qcom-route-MSM8x60-DSI-through-DSI-pixel-RCG.patch	a018ae8e19667eaa96dcc10e000f39d10bfcbb29f16ccf00e781414f16c688df	SUPERSEDED_STAGE	0057b	Final implementation preserved; intermediate replay canceled or consolidated.
research/patches/superseded-stages-20261004/0085-arm-dts-integrate-current-Hikari-hardware-configuration.patch	597fb32456b6326b487d35c882e0510c81fbc59ed1f2812196ffecd7450e9129	SUPERSEDED_STAGE	kernel/dts	Final implementation preserved; intermediate replay canceled or consolidated.
